id,nama,harga,stock,category,image,deskripsi,create_at
1,summer squash salad,26522,62,Foods,,"white balsamic vinegar, lemon juice, lemon rind, red chillies, garlic cloves (crushed), olive oil, summer squash (zucchini), sea salt, black pepper, basil leaves",2025-05-21T06:30:24.672709
2,chicken minced salad,24780,71,Foods,,"olive oil, chicken mince, garlic (minced), onion, salt, black pepper, carrot, cabbage, green onions, sweet chilli sauce, peanut butter, ginger, soy sauce, fresh cilantro, red pepper flakes (crushed), tarts",2025-05-21T06:30:24.672709
3,sweet chilli almonds,16772,27,Foods,,"almonds whole, egg white, curry leaves, salt, sugar (fine grain), red chilli powder",2025-05-21T06:30:24.672709
4,tricolour salad,20498,45,Foods,,"vinegar, honey/sugar, soy sauce, salt, garlic cloves (minced), chilli pepper (sliced), green papaya, carrot (peeled), cucumbers, mint leaves, toasted peanuts",2025-05-21T06:30:24.672709
5,christmas cake,21356,15,Foods,,"christmas dry fruits (pre-soaked), orange zest, lemon zest, jaggery syrup, almond flour, apple, butter (softened), eggs",2025-05-21T06:30:24.672709
6,japanese curry arancini with barley salsa,26399,68,Non-Coffee,,"japanese curry, sticky rice, cheese inside rice, barley salsa, wasabi mayo, red capsicum cube (cut), yellow capsicum cube (cut), green capsicum cube (cut), green chili, barley, butter, white pepper, light soya, salt",2025-05-21T06:30:24.672709
7,chocolate nero cookies,26628,22,Foods,,"almonds, eggs, granulated sugar, bittersweet chocolate, unsalted butter, flour, baking powder, castor sugar, icing sugar",2025-05-21T06:30:24.672709
8,lamb and chargrilled bell pepper soup,23270,33,Foods,,"lamb bones (preferably shank and shoulder), onions, celery, ginger, garlic, carrot, chargrilled red/yellow/green bell peppers (quartered), whole spices mix (black pepper, cinnamon, cardamom, clove, bay leaf), salt, water (warm), oil (sunflower or olive",2025-05-21T06:30:24.672709
9,cream of almond soup,20479,17,Foods,,"vegetable stock, skimmed milk, toasted almonds (powdered), butter, flour, salt and pepper, nutmeg, almond essence, toasted almond flakes",2025-05-21T06:30:24.672709
10,broccoli and almond soup,22387,20,Foods,,"vegetable stock, broccoli, ground almonds (toasted), skimmed milk, salt, freshly ground black pepper",2025-05-21T06:30:24.672709
11,coconut lime quinoa salad,18253,33,Foods,,"uncooked quinoa, water, red onion, cucumber (diced), purple cabbage, avocado (ripened and diced), orange, shelled edamame (defrosted), unsweetened toasted coconut flakes, almonds, few shakes of black pepper, for the dressing:, orange juice, lime (juiced), apple cider vinegar, olive oil",2025-05-21T06:30:24.672709
12,lemon honey glazed sous vide corn on the cob,16057,86,Foods,,"young corn on the cob, honey, lemon juice, garlic cloves (smashed), celery stalk, chives, carrot, salt, paprika powder, parsley, plastic bag, food thermometer",2025-05-21T06:30:24.672709
13,watermelon and strawberry smoothie,20168,17,Foods,,"fresh strawberries, honey, low fat yogurt, watermelon, chia seeds",2025-05-21T06:30:24.672709
14,"peach, raspberry and nuts smoothie",16480,97,Foods,,"fresh raspberries, ripe banana, almond, fresh peach slices, low fat yogurt, fresh raspberry, peach fruit slices, almonds",2025-05-21T06:30:24.672709
15,almond and cranberry poha,16998,54,Non-Coffee,,"almond flakes, onion, poha, cranberries (frozen/ dried), salt, oil, curry leaves, green chilies, fresh coconut",2025-05-21T06:30:24.672709
16,almond and raw banana galawat,17723,94,Non-Coffee,,"almond slivers, raw banana (boiled), almond paste, cooking cream, refined oil, mace powder, cardamom powder , ginger garlic paste, garam masala powder, red chilli powder, salt, tempura batter",2025-05-21T06:30:24.672709
17,baked namakpara with roasted almond dip,25404,22,Foods,,"almonds (crushed), tomato, garlic cloves, basil sprig, lemon, salt, pepper, for namak para:, refined flour, sugar, salt, olive oil, water",2025-05-21T06:30:24.672709
18,grilled almond barfi,16732,35,Foods,,"khoya, sweetener (optional), almonds (crushed)",2025-05-21T06:30:24.672709
19,baked shankarpali ,16376,23,Foods,,"whole wheat flour (atta), refined flour (maida), garlic cloves (crushed), salt, red chilli powder, chaat masala, cumin powder, tomato puree, ghee",2025-05-21T06:30:24.672709
20,baked multigrain murukku,24750,95,Foods,,"oats, ragi flour (bhakri atta), wheat flour, rice flour, urad dal flour (dry roast and grind the dal to a fine powder), cumin seeds, green chillies, ginger, salt, oil",2025-05-21T06:30:24.672709
21,apple rabdi,23188,33,Foods,,"apples, milk, sugar, green cardamoms, almonds (blanched), pistachios (blanched)",2025-05-21T06:30:24.672709
22,baked namak para,17904,13,Foods,,"whole wheat flour (atta), refined flour (maida), baking powder, ghee, salt, carom seeds (ajwain)",2025-05-21T06:30:24.672709
23,dates and nuts ladoo,23666,33,Foods,,"dates (pitted), mixed nuts (almonds, cashews, walnuts, pistachios, peanuts), dessicated coconut (optional)",2025-05-21T06:30:24.672709
24,green lentil dessert fudge,16381,69,Foods,,"whole moong beans, cow ghee, raisins, whole milk, jaggery (organic), ground cardamom, almonds (halved)",2025-05-21T06:30:24.672709
25,cashew nut cookies,17438,25,Foods,,"cashew paste, ghee, khaand (a sweetening agent and a healthier substitute of sugar), flax or chia seeds, plain yogurt, baking soda, baking powder, vanilla, oats, organic all-purpose flour",2025-05-21T06:30:24.672709
26,almond pearls,21002,41,Foods,,"toasted almonds, blueberries, oats, corn flakes, olive oil, salt, curry leaves, mustard seeds, cumin seeds, red chilli powder, turmeric powder, black pepper powder, ajwain, lemon juice",2025-05-21T06:30:24.672709
27,hawaiin papaya salad,26831,51,Foods,,"papaya, fresh lime (juiced), watermelon balls or small squares (seedless), fresh pineapple chunks, coconut (unsweetened), vanilla flavoured yogurt (low fat)",2025-05-21T06:30:24.672709
28,vegetable som tam salad,20974,81,Foods,,"raw papaya, carrot, french bean diamond, cherry tomato, garlic, crush mix chilli, somtam dressing, peanuts (crushed), peanuts",2025-05-21T06:30:24.672709
29,spinach and feta crepes,22075,15,Non-Coffee,,"milk (whole fat or skimmed), flour, water, butter, honey, salt, vegetable oil, extra butter (for crisping the crepe), spinach, feta cheese (crumbled), greek yogurt (whisked), honey",2025-05-21T06:30:24.672709
30,couscous with ratatouille - tangy tomato sauce,21882,81,Non-Coffee,,"for the cous cous:, plain couscous, extra virgin olive oil, vegetable stock, herbs (basil, parsley, thyme, cilantro work best), for the ratatouille:, olive oil (regular not extra virgin), red onions, aubergines (cut in to 3 cm cubes), zucchini (cut in to 3 cm cubes), garlic cloves, ground cumin, sweet paprika, tomato paste, salt",2025-05-21T06:30:24.672709
31,baked almond kofta,21064,39,Foods,,"potato (boiled), nutmeg, milk, almonds (crushed), green onions, refined flour, egg, salt, pepper, eggs, refined flour (for rolling), dried breadcrumbs (for rolling)",2025-05-21T06:30:24.672709
32,almond and amaranth ladoo,24131,92,Foods,,"popped amaranth seeds, jaggery, almonds (slivered, unpeeled)",2025-05-21T06:30:24.672709
33,moong dal kiwi coconut soup,24271,62,Non-Coffee,,"green gram (dhuli moong dal), kiwis, coconut cream, oil, bay leaves, cumin seeds, coriander seeds, black peppercorns, garlic cloves, medium onion, carrot, turmeric powder, curry powder, salt, fresh coriander sprigs",2025-05-21T06:30:24.672709
34,mixed berry & banana smoothie,23369,33,Foods,,"Frozen mixed berries, ripped banana,fresh orange juice, low fat curd",2025-05-21T06:30:24.672709
35,banana walnut smoothie,16241,77,Foods,,"Low Fat Yogurt, Banana, Walnuts, Seeds (Facseeds and Chia Seeds), Honey",2025-05-21T06:30:24.672709
36,spicy watermelon soup,18841,29,Foods,,"Watermelon, ginger-garlic paste, peppermint, chili flakes, olive oil (to cook)",2025-05-21T06:30:24.672709
37,red rice poha,25480,23,Non-Coffee,,"Onion, Pepper, Button Mushroom, Wild Mushroom, White Wine, Tomato, Sage Leaf, Red Poha, Truffle Oil, Rosemary",2025-05-21T06:30:24.672709
38,mixed salad with lotus root,26182,85,Foods,,"Iceberg Lattoos, Lolo Rosso, Endive Lettuce, Red Cabbage, Lotus Root, Kaddu, Yam Beans, Small Onions, Pomegranate, Chalet Oil, Pomelo, Lemongrass Sauce",2025-05-21T06:30:24.672709
39,sweet potato and quinoa bowl,16434,68,Foods,,"Sweet Potato Cubes, Coconut, Onion, Knoia (Ripe), Raisins, Cashew, Pepper Powder, Caen, Cassia, Salt",2025-05-21T06:30:24.672709
40,corn and raw mango salad,15697,61,Foods,,"Corn kernels, onions, green onions, paprika, raw mango (pieces), celery stock (pieces), cherry tomatoes, pineapple (pieces), pasarley, green coriander, badge leaves, black olive, lemon juice, olive Oil, black salt, white pepper powder, taco shell",2025-05-21T06:30:24.672709
41,khichdi,20134,32,Non-Coffee,,"Quick cooking oats, peanuts, cumin, turmeric powder, red chilli powder, onion, tomatoes, carrots, green peas, ginger, green chillies, salt, extra virgin olive oil, water, coriander leaves",2025-05-21T06:30:24.672709
42,sugar free modak,21873,79,Non-Coffee,,"seedless dates, almonds, cashew nuts, walnuts, raisins, dry coconut, poppy seeds, ghee",2025-05-21T06:30:24.672709
43,beetroot modak,16016,86,Non-Coffee,,"gram flour (besan), semolina (rava/sooji), beetroot colour or two oven cooked beetroot paste , water, oil (for frying), for sugar syrup:, sugar, water, cardamom powder, lemon juice, cashews (kaju)",2025-05-21T06:30:24.672709
44,andhra pan fried pomfret,16348,47,Non-Coffee,,"white pomfret fish, sunflower refined ooil, red chilli powder, salt, turmeric powder, ginger-garlic paste, lemon (juiced), cumin powder, coriander powder, garam masala, green chilli, curry leaves, coriander",2025-05-21T06:30:24.672709
45,ghee roast chicken dosa quesadilla,18831,41,Non-Coffee,,"dry red chillies, coriander seeds, cumin seeds, fenugreek seeds, black pepper, clove, garlic, turmeric powder, boneless chicken, curd, lemon (juiced), for cooking chicken:, tamarind pulp, ginger (1 inch), garlic cloves, onion, tomato, ghee, red chilli powder, salt, crushed jaggery, dosa batter (for 4 dosas), processed cheese, ghee or oil (to crisp the dosa), coriander leaves, curry leaves (deep fried), curd, salt, zeera powder, sugar, red chilli powder",2025-05-21T06:30:24.672709
46,steam bunny chicken bao,22995,69,Non-Coffee,,"buns, all purpose white flour, dry yeast, sugar, salt, warm water, chicken mince, eggs, soy sauce, sugar, sesame oil, worcestershire sauce, chives, aromat powder",2025-05-21T06:30:24.672709
47,meat lovers pizza,25531,10,Non-Coffee,,"millet flour, tapioca flour, soy milk, garlic powder, baking powder, salt, tomato sauce, mozzarella cheese, prosciutto, pepperoni, chicken salami, salami milano, rosemary, olive oil",2025-05-21T06:30:24.672709
48,almond and chicken momos (without shell),23656,35,Non-Coffee,,"chicken mince, garlic, carrots, spring onion, ginger, soya sauce, oyster sauce, sesame oil, pepper powder, egg, almonds (blanched), oil (for greasing)",2025-05-21T06:30:24.672709
49,christmas tree pizza,23632,51,Non-Coffee,,"pizza dough (2 boules), red pepper, red onion, basil pesto (purchased, homemade or vegan pesto), mozzarella cheese, kosher salt",2025-05-21T06:30:24.672709
50,french pork chop,15765,94,Non-Coffee,,"pork chop, pink pepper corn, green pepper corn, aromatic sauce, salt, black pepper, salted butter, refined oil, red cabbage, bell pepper chop, apricot, onion, red wine, ancho chilli, cayenne pepper, microgreen",2025-05-21T06:30:24.672709
51,christmas chocolate fudge cookies,23482,98,Foods,,"unsalted butter, brown sugar, chocolate, chocolate chips, eggs, flour, cocoa powder, baking powder",2025-05-21T06:30:24.672709
52,chicken parmigiana with tomato sauce,17314,65,Non-Coffee,,"for chicken parmigiana:, chicken breast, egg whole frozen, flour, planko bread crumbs, fresh italian parsley, vegetable oil, solid butter unsalted, tomato sauce, mozzarella cheese, italian parmesan cheese, thyme, for pepperonata:, red pepper, green pepper, yellow pepper, red onion, fresh tomato, butternut squash, garlic, pure olive oil, vegetable oil, black pepper corn (crushed), salt, parsley, for garnishing:, parsley sprig, spinach",2025-05-21T06:30:24.672709
53,chocolate appe,17789,85,Foods,,"rice, coconut, baking powder, vanilla extract, cinnamon powder, brown sugar, unsweetened cocoa powder, salt, chocolate chips, butter",2025-05-21T06:30:24.672709
54,sous-vide salmon tikka,20554,61,Non-Coffee,,"norwegian salmon, black garlic pickle, butter, butchery bag, smoked yogurt, home made prawn crisp, edible flower, salt",2025-05-21T06:30:24.672709
55,filo pizza,21314,57,Non-Coffee,,"filo pastry, himalayan salt, black pepper, salted butter, tomato sauce, broccoli, button mushroom, green zucchini, yellow zucchini, capsicum yellow, capsicum green, capsicum red, pizza spice mix, mozzarella cheese",2025-05-21T06:30:24.672709
56,chocolate samosa,19497,42,Foods,,"refined flour, desi ghee, black cardamom seeds, chocolate block, almonds, cashew nuts, pistachio, sugar, garam masala powder, oil",2025-05-21T06:30:24.672709
57,fish with jamun sauce,18122,23,Non-Coffee,,"jamun, sugar, chilli, garlic cloves (minced), cumin (powdered), fish fillet (pomfret (or any white fish), semolina, salt, wilted spinach",2025-05-21T06:30:24.672709
58,dahi lasooni chicken,26630,35,Non-Coffee,,"chicken (boneless, cube size), chesse, garlic, ginger garlic paste, coriander, green chilli paste, cream (fresh), curd, kaju paste, salt, black salt , garam masala, chaat masala, butter",2025-05-21T06:30:24.672709
59,pesto fish kebabs,22818,91,Non-Coffee,,"King fish cut into one inch pieces, paprika cut into one inch pieces, bezel pasto, white wine vinegar, salt, cooking spray",2025-05-21T06:30:24.672709
60,caramelized sesame smoked almonds,24939,18,Foods,,"red lentils or masoor dal (half-boiled), potato (grated), carrot, french beans, bread slices, ground chickpea flour (sattu), green chillies, ginger, onions, garlic (minced), salt, sugar, chaat masala, red chilli powder, garam masala, corn flour, besan, bread crumbs for crunchyness, coriander, refined oil (for fryingp)",2025-05-21T06:30:24.672709
61,crunchy vegetable dal sattu croquettes,26868,31,Non-Coffee,,"red lentils or masoor dal (half-boiled), potato (grated), carrot, french beans, bread slices, ground chickpea flour (sattu), green chillies, ginger, onions, garlic (minced), salt, sugar, chaat masala, red chilli powder, garam masala, corn flour, besan, bread crumbs for crunchyness, coriander, refined oil (for fryingp)",2025-05-21T06:30:24.672709
62,active charcoal modak,15809,28,Non-Coffee,,"for modak:, gram flour (besan), semolina (rava/suji), active charcoal, water, oil (for frying), sugar, water, cardamom powder, lemon juice, cashews (kaju)",2025-05-21T06:30:24.672709
63,flax seed and beetroot modak,16300,39,Non-Coffee,,"rice flour, salt, oil (for greasing), beetroot puree, tossed flax seeds (for topping), fresh coconut, jaggery, poppy seeds, green cardamom powder, nutmeg powder",2025-05-21T06:30:24.672709
64,chocolate prunes gujiyas,19995,64,Non-Coffee,,"for gujiya pastry:, refined flour, ghee, water, salt, for gujiya stuffing:, dark chocolate, prunes, mawa, sugar, cardamom",2025-05-21T06:30:24.672709
65,almond  white chocolate gujiya,23016,47,Non-Coffee,,"all-purpose flour, clarified butter (ghee), water, white chocolate, dessicated coconut, green cardamom powder, almond, jaggery",2025-05-21T06:30:24.672709
66,betel nut popsicle,25254,70,Foods,,"full cream milk, cream, mascarpone, sugar, paan (crushed), cookie crumble, dark chocolate (melted), caramel sauce",2025-05-21T06:30:24.672709
67,clotted cottage cheese croquettes,20594,54,Non-Coffee,,"black pepper, black salt, bread crumb, corn flour, refined oil, jalapeno, jeera powder, maida, cottage cheese, parsley, salt, for thousand island dressing:, mayonnaise, tomato ketchup, minced garlic, celery, black pepper",2025-05-21T06:30:24.672709
68,gajar tart,24430,17,Non-Coffee,,"white butter, breakfast sugar, milk full fat, refined flour, winter carrots, ghee, sugar, khoya, cardamom powder, cashew nuts (crushed), almonds (crushed), full fat milk, full fat milk, grain sugar, green cardamom powder",2025-05-21T06:30:24.672709
69,banana and maple ice lollies,17963,45,Foods,,"Banana, Greek yogurt, heavy cream, pure maple syrup, coconut",2025-05-21T06:30:24.672709
70,shepherds salad (tamatar-kheera salaad),26771,35,Foods,,"1 cucumber peeled and chopped, onion, tomato, green chillies, garlic buds, pasarley, olive oil, lemon juice, salt and pepper",2025-05-21T06:30:24.672709
71,carrot ginger soup,25292,35,Foods,,"Carrots, Olive Oil, Salt, Vegetable Stock, Ginger, Thyme, Onion, Garlic Buds, Pepper (Freshly Picked)",2025-05-21T06:30:24.672709
72,dark night,24283,34,Non-Coffee,,"whisky, honey, cinnamon, star anise, cloves, green apple",2025-05-21T06:30:24.672709
73,hot chocolate,22166,54,Non-Coffee,,"milk, chocolate, cocoa powder, powdered sugar, cinnamon, vanilla",2025-05-21T06:30:24.672709
74,slow cooked spiced sangria,23228,77,Non-Coffee,,"red wine (merlot / zinfandel), apple cider, honey, orange (zested and juiced), cloves (whole), green cardamom, cinnamon sticks, anise (whole), brandy",2025-05-21T06:30:24.672709
75,detox haldi tea,26360,57,Non-Coffee,,"haldi, ginger, black pepper, honey, water",2025-05-21T06:30:24.672709
76,holi special ice tea thandai,24070,98,Non-Coffee,,"ground white pepper (kali mirch), assam tea bags, almonds (badam) - coarsley crushed, poppy seeds (khus-khus), fennel seeds (saunf) (crushed coarsely), cardamom (elaichi) powder, ground sugar, saffron (kesar) strands",2025-05-21T06:30:24.672709
77,grilled lemon margarita,26807,16,Non-Coffee,,"vanilla infused tequila, vanilla liqueur, lemon juice, lemon, lemon",2025-05-21T06:30:24.672709
78,spanish artichoke and spinach dip,15473,45,Non-Coffee,,"spinach, onion, cream, garlic, nutmeg, salt, lime juice, artichoke hearts (cubed), polenta, refined flour, salt, water, butter, flour, salt, pepper (freshly ground)",2025-05-21T06:30:24.672709
79,beetroot and green apple soup,24137,16,Foods,,"beetroots, green apple, onion, olive oil, salt, black peppercorns (crushed), butter, vegetable stock, mixed dried herbs, fresh cream, lemon juice, parsley sprigs, red chilli flakes, soup sticks as required",2025-05-21T06:30:24.672709
80,baba budan no. 7,17308,82,Non-Coffee,,"rum, espresso, sugar syrup/gur (jaggery) syrup, green cardamom pod,",2025-05-21T06:30:24.672709
81,fruit infused tea,23996,20,Non-Coffee,,"chamomile tea bags, orange, berries, blueberries, ginger, mint leaves, boiling water",2025-05-21T06:30:24.672709
82,soya milk,24601,58,Non-Coffee,,"Soybean, hot water",2025-05-21T06:30:24.672709
83,spiced coffee,24742,98,Non-Coffee,,"Freshly ground coffee, cardamom powder, ginger, milk, sugar, cream, chocolate",2025-05-21T06:30:24.672709
84,filter coffee,18561,58,Non-Coffee,,"Coffee powder, water, milk, sugar",2025-05-21T06:30:24.672709
85,garlic and pinenut soup with burnt butter essence,21985,17,Non-Coffee,,"garlic cloves, almonds (whole), parsley, bayleaf, chicken broth, nutmeg, egg yolk, heavy cream, white bread slices, butter, salt, pepper, white wine",2025-05-21T06:30:24.672709
86,roast turkey with cranberry sauce,16662,89,Foods,,"whole turkey, butter, onion, celery, crumbled sage and thyme , salt and pepper, garlic minced, balsamic vinegar, sugar, cranberry",2025-05-21T06:30:24.672709
87,roasted spring chicken with root veggies,24247,92,Foods,,"whole chicken, thyme, garlic, lemon, orange, salt, black pepper, butter (to rub), extra olive oil, carrot, turnip, beetroot, chipotle powder, parsley",2025-05-21T06:30:24.672709
88,peri peri chicken satay,25860,50,Foods,,"boneless skinless chicken thigh (trimmed), salt and pepper, yogurt, chilli powder, ginger garlic paste, coriander leaves, oil to fry, peri peri sauce, potato fries",2025-05-21T06:30:24.672709
89,chicken popcorn,22870,45,Non-Coffee,,"chicken (boneless), corn flour or all purpose flour, egg, bread crumbs, salt, ginger garlic paste, black pepper, onion powder (optional), red chilli powder or paprika or cayenne pepper, oil for deep frying",2025-05-21T06:30:24.672709
90,half roast chicken,19523,83,Foods,,"cooking oil, whole chicken (skin on- rinsed and dressed), onions (quartered- skin on), garlic (halved - skin on), carrots (roughly quartered), celery , thyme, dunkleweizen (pour into a glass and keep open at room temperature for an hour or two to make flat), chicken stock, butter, sea salt",2025-05-21T06:30:24.672709
91,chicken biryani,16044,80,Non-Coffee,,"malabar peppercorn, cinnamon stick, green cardamom pods, star anise, cloves, fennel seeds, vermicelli, desi ghee, shahi jeera, bay leaves, green chilli, mint leaves, onion, saffron, garlic paste, salt, chicken (dark meat), ginger paste, turmeric powder, coriander powder, red chilli powder, roma tomatoes (de-seedeed), water",2025-05-21T06:30:24.672709
92,chicken farcha,19983,41,Non-Coffee,,"boneless chicken thigh (without skin), lemon juice, garlic paste, ginger paste, red chilli powder, coriander powder, garam masala, black pepper (crushed), salt, bread crumbs / semolina, eggs, red chilli powder, oil",2025-05-21T06:30:24.672709
93,buldak (hot and spicy chicken),20160,56,Non-Coffee,,"chicken drum sticks/ chicken breast, soy sauce, sugar, traditional corn syrup (substitution honey), cheong ju (clear rice wine similar to japanese sake), green onion, black pepper, olive oil, sesame seeds (optional), for marinating sauce:, gochugaru (red chili pepper flakes), alapenos, korean pear (substitution asian pear), onion, garlic, soy sauce, spicy yellow mustard, sesame oil, sugar, mul yut (substitution honey)",2025-05-21T06:30:24.672709
94,chicken sukka,21408,75,Non-Coffee,,"chicken (small pieces), onion (thin slices), cardamom, salt, oil, coriander, cumin, mustard, pepper, cloves, cinnamon, bedki chillies, kashmiri chilies, turmeric, onion, garlic, ginger, salt",2025-05-21T06:30:24.672709
95,steamed chicken roulade,19937,82,Non-Coffee,,"lamb mince, garlic , salt, paprika powder, pomodaro tomatoes, olive oil, celery, shallots, carrot, black pepper, bay leaf, yellow chilli powder, cilantro, chicken thigh, salt, white pepper powder, garlic paste, white wine vinegar, olive oil, yellow chilli powder, refined oil, fenugreek seeds, white pepper powder, garlic, fenugreek leaves, onion, broken cashew, salt, fresh cream, kasoori methi",2025-05-21T06:30:24.672709
96,methi chicken masala,18675,87,Non-Coffee,,"boneless chicken, lemon juice, red chilli powder, salt, ginger garlic paste, curd, red chilli powder, salt, coriander powder, oil, onion, oil, bay leaf, green cardamom, black cardamom, cinnamon, ginger garlic paste, tomato, kasoori methi, green chilli, water",2025-05-21T06:30:24.672709
97,restaurant style fried chicken,20955,92,Non-Coffee,,"egg, salt, white pepper, maida, salt, red chilli powder, garlic powder, ginger powder, onion powder, oregano, chillil flakes, white pepper, basil, chicken drumsticks, salt, white pepper, bread crumbs (as required)",2025-05-21T06:30:24.672709
98,chicken potli,21308,31,Non-Coffee,,"chicken, onion, green chilli, garlic, ginger, salt, aromatic powder, soya sauce, oyster sauce, spring onion, filo sheets",2025-05-21T06:30:24.672709
99,spicy chicken masala,22681,89,Non-Coffee,,"mustard oil, curry leaves, kalonjee, saunf, garlic, onion, tomatoes, ginger, green chillies, boneless chicken, salt, tomato puree, red chilli powder, cumin powder, black salt, peppercorn (crushed), water, mint, coriander",2025-05-21T06:30:24.672709
100,spicy chicken curry,24908,32,Non-Coffee,,"oil, ghee, onion paste, garlic paste, ginger paste, turmeric powder, salt, tomato puree, coriander powder, red chilli powder, cumin powder, garam masala, chicken leg pieces, coriander leaves, water",2025-05-21T06:30:24.672709
101,crispy herb chicken,26266,76,Non-Coffee,,"fresh breadcrumbs, parmesan cheese, lemon rind, fresh parsley leaves, garlic powder, plain flour, egg, milk, chicken breast supremes, vegetable oil, mayonnaise, sour cream, fresh chives (dried if fresh not available), fresh parsley (dried if fresh not available), garlic, red onion (optional), ground black pepper, salt",2025-05-21T06:30:24.672709
102,dahi chicken,15989,49,Non-Coffee,,"dahi, cumin powder, garlic paste, garam masala, turmeric powder, red chilli powder, salt, boneless chicken, oil, green chilli, onion, tomato",2025-05-21T06:30:24.672709
103,amritsari chicken masala,21729,61,Non-Coffee,,"chicken, ginger garlic paste, curd, lemon juice, vinegar, coriander powder, cumin powder, red chilli powder, salt, onion, butter, red chilli powder, coriander powder, cumin powder, ginger, water, salt, green chilli, tomatoes, sugar, butter , cream",2025-05-21T06:30:24.672709
104,chilli chicken,19564,21,Non-Coffee,,"boneless chicken, salt, cornflour, black pepper, egg, soy sauce, red chilli sauce, garlic, green chillies, green chilli sauce, vinegar, onion, capsicum, black pepper, salt",2025-05-21T06:30:24.672709
105,chicken tenders,19188,67,Foods,,"chicken breast (cut into strips), salt, garlic paste, ginger paste, green chilli paste, oats, refined flour, salt, freshly ground black pepper, fried mixed herbs (italian herb), garlic powder",2025-05-21T06:30:24.672709
106,chicken nimbu dhaniya shorba,16625,56,Non-Coffee,,"water, chicken (diced)), ginger garlic paste, coriander, lemon, cream, butter, turmeric powder, green chilli paste, cornflour, salt",2025-05-21T06:30:24.672709
107,garlic soya chicken,22693,39,Foods,,"chicken thigh/breast (cut crosswise into 1/2-inch-thin strips), sesame oil (toasted), white pepper (finely ground), ginger juice, peanut oil or vegetable oil (divided), garlic cloves (minced), ginger, red chilli flakes, red onion , snow peas (trimmed), red bell pepper (cut into thin strips), rice vinegar, soy sauce, dark soy sauce, chinese rice wine, brown sugar, cornflour",2025-05-21T06:30:24.672709
108,cauliflower and chicken biryani,19949,74,Non-Coffee,,"boneless chicken, biryani masala, yogurt, onions, coconut oil, cauliflower, coconut (diced), onion (diced), peppercorns, cardamoms, cumin seeds, bay leaves, cinnamon, cloves, coconut oil, garam masala, dry chilli flakes, turmeric powder, black peppercorns, cardamom, cinnamon, garlic (crushed), tomato puree, green chillies, fresh ginger (peeled), dry red chilli, salt",2025-05-21T06:30:24.672709
109,chicken quinoa biryani,17561,83,Foods,,"onions, tomato, green chillies(slit open), ginger garlic paste, mint leaves, coriander leaves/cilantro, fresh yogurt/curd(beaten), turmeric powder, chilli powder, salt, chicken (cut into pieces), garam masala powder, ginger garlic paste, yogurt/curd, chilli powder, coriander powder, salt, oil, cloves, bay leaf , cardamom",2025-05-21T06:30:24.672709
110,chicken and mushroom lasagna,19171,67,Non-Coffee,,"chicken, salt, crush black pepper, garlic cloves (minced), olive oil, fresh thyme, button mushroom, onion, low fat milk, basil, basil-tomato sauce",2025-05-21T06:30:24.672709
111,plum and cherry roasted chicken,21181,47,Foods,,"carrot (finely diced), onion (finely diced), celery (finely diced), fresh thyme sprigs, whole free range chicken , pepper (freshly ground), parsley stems, celery leaves, lemon slices (1/8 inch thick), onion, carrot, fresh lemon juice, chicken stock/broth, plums (cut), fresh cherries",2025-05-21T06:30:24.672709
112,chicken roulade,21994,37,Non-Coffee,,"chicken breasts, olives, jalapenos, bell peppers(all 3), thyme dried, white wine, salt, black pepper (crushed to taste), egg, olive oil, mozerella cheese, processed cheese",2025-05-21T06:30:24.672709
113,sticky rum chicken wings,25122,15,Foods,,"chicken wings without skin, hung curd, chilli powder, sweet paprika powder, english mustard paste, garlic paste, salt, garlic, rum, bbq sauce",2025-05-21T06:30:24.672709
114,chicken dragon,25108,89,Non-Coffee,,"Chicken (boneless and cut into small pieces), eggs (lightly whipped), maida, garlic paste, ginger paste, salt, water, oil",2025-05-21T06:30:24.672709
115,chicken palwal,24251,53,Non-Coffee,,"Chicken, Onion, Tomato, Green Chilli, Cumin Powder, Coriander Powder, Green Coriander, Curd, Ginger Garlic, Red Chilli Powder, Salt, Oil",2025-05-21T06:30:24.672709
116,pan seared thigh of chicken,15912,74,Non-Coffee,,"Chicken Thai, Salt, Pepper, Lemon, Fresh Thyme, Barley, Brockley, Mushroom, Extra Virgin Olive Oil, Cherry Tomato",2025-05-21T06:30:24.672709
117,chicken in mahalak sauce,16051,45,Non-Coffee,,"Salt, sugar, seasonings, oil, corn flour, chicken leg, fresh chilli, garlic, ginger, onion, red chili paste, tomato catchup, paprika, yellow capsicum, vegetable stock",2025-05-21T06:30:24.672709
118,grilled kasundi honey chicken with sweet potato mash,23581,63,Non-Coffee,,"Chicken breast, kasundi (Bengali mustard sauce), sweet potato, red and yellow capsicum, broccoli, garlic buds, refined oil, salt, butter, cream, green onion, honey, ginger and garlic paste",2025-05-21T06:30:24.672709
119,chicken dong style,15353,97,Non-Coffee,,"Oil, chicken breast, garlic, ginger, tomato catchup, oyster sauce, shitake mushrooms, bomb shoots (boiled), salt, sugar, broth powder, shocking wine, potato starch, sesame oil, green onions",2025-05-21T06:30:24.672709
120,microwave tandoori chicken,15417,41,Non-Coffee,,"Chicken (sliced), garlic paste, ginger paste, Hung curd, salt, garam masala, coriander powder, pepper powder, cream, oil, for garnishing:, lemon pieces, onion rings",2025-05-21T06:30:24.672709
121,methi malai cranberry chicken,24269,97,Non-Coffee,,"Chicken (sliced ??into large pieces), salt, cranberry puree, red chilli powder, garam masala, coriander powder, cumin powder, chaat masala, corn flour, fenugreek leaves, gram flour, ginger, garlic, cream, Greek yogurt, butter",2025-05-21T06:30:24.672709
122,southern fried chicken tenders,25955,59,Foods,,"Chicken breast (cut 20 strips, 20 grams), all purpose flour, salt, hot red chillies, eggs, bread crumbles, white cabbage slaw, pasarley sprig, honey-mustard dip, green bell pepper",2025-05-21T06:30:24.672709
123,thai style chicken tikka,16950,56,Non-Coffee,,"Chicken Thais, Thai Ginger, Lemon Leaves, Lemongrass, Coconut Milk Powder, Refined Oil, Red Curry Paste, Peanut Butter, Bezel Leaves, Lotus Stem, Yellow Butter, Chaat Masala",2025-05-21T06:30:24.672709
124,chicken gilafi kebab,24903,75,Non-Coffee,,"Chicken Mince, Onion, Tomato, Green Capsicum, Green Coriander, Green Chilli, Salt, Oil, Cashew, Almond, Mint, Red Chilli Powder, Ginger Garlic Paste, Cumin Powder, Lemon Juice, Fresh Cream, Kewda Water",2025-05-21T06:30:24.672709
125,cheese chicken kebabs,21905,35,Non-Coffee,,"Chicken Thais, Garlic Paste, Garlic Paste, Yellow Chilli Powder, Cheese, Curd, Gram Flour, Green Cardamom Powder, Yellow Chilli Powder, Mace Powder, Nutmeg Powder, Rock Salt, Green Coriander, Oil",2025-05-21T06:30:24.672709
126,andhra crab meat masala,24422,67,Non-Coffee,,"processed crab meat, refined oil, curry leaves, garlic, green chilli, onion, ginger-garlic paste, coriander, coriander powder, cumin powder, turmeric powder, garam masala powder, kashmiri chilli powder, salt, lemon, chop masala, tomato",2025-05-21T06:30:24.672709
127,cajun spiced turkey wrapped with bacon,20531,81,Non-Coffee,,"turkey breast, cajun spice, spinach leaves (cooked and drained), garlic pods, salted butter, feta cheese, bacon strips, ground black pepper, for cajun spice:, onion powder, garlic powder, seasoning salt, paprika, ground black pepper, cayenne pepper, oregano, thyme, red pepper flakes (if you like it spicy))",2025-05-21T06:30:24.672709
128,thai lamb balls,21911,72,Non-Coffee,,"lamb (minced), couscous, scallion, garlic, egg, parsley, olive oil, mint, ao nori herb, salt, five spice, cinnamon powder",2025-05-21T06:30:24.672709
129,oyster lamb,19518,76,Non-Coffee,,"vegetable oil, garlic, ginger, lamb, stock, oyster sauce, dry sherry, sugar, celery, salt, bokchoy, shitake mushroom",2025-05-21T06:30:24.672709
130,chicken shami kebab,24835,94,Non-Coffee,,"oil, cumin seeds, cloves, black peppercorns, cinnamon, coriander seeds, ajwain, red chilli whole, chilli flakes, boneless chicken, salt, water, ginger, green chilli, garlic, coriander leaves , mint leaves , egg",2025-05-21T06:30:24.672709
131,balti meat,24645,19,Non-Coffee,,"refined oil, black cardamoms, green cardamoms, mace, clove, cinnamon stick, black pepper corn, ginger garlic paste, ginger, green chilies, mutton curry cut, brown onion paste, salt, kashmiri red chili powder, tomato puree, garam masala powder, coriander powder, cumin powder",2025-05-21T06:30:24.672709
132,coffee marinated mutton chops,22516,43,Non-Coffee,,"mutton chops, espresso, honey, balsamic vinegar, rosemary, pink peppercorns (crushed), olive oil, salt",2025-05-21T06:30:24.672709
133,sali boti (parsi meat dish),22269,52,Non-Coffee,,"mutton (wash and cut into very small cubes), ghee or oil, tomatoes, onions, green chillies, coriander leaves, chilli powder, turmeric powder, ginger-garlic paste, water, vinegar, jaggery, salt, potatoes, oil",2025-05-21T06:30:24.672709
134,braised lamb shanks,17249,40,Non-Coffee,,"Lang Shanks, Olive Oil, Onion, Carrots, Celery Stick, Garlic, White Wine, Lamb Stock, White Wine, Rosemary, Tomata Puree",2025-05-21T06:30:24.672709
135,bengali lamb curry,24445,96,Non-Coffee,,"Lamb pieces, yogurt, turmeric powder, castor sugar, red chili powder, mustard oil, onion, ginger paste, garlic paste, green chillies, mustard seeds, almonds",2025-05-21T06:30:24.672709
136,malabari fish curry,16906,59,Non-Coffee,,"sear fish, coconut, ginger, pureed tamarind, salt, powdered turmeric, green chillies, red chilli powder, shallots",2025-05-21T06:30:24.672709
137,japanese fish stew,17317,21,Non-Coffee,,"sole fillet (you can also do 2/3 types of fish), large shrimps (optional), potatoes (peeled), onions (cut into slices), garlic cloves, red capsicum (can use green also), parsley or coriander (choose the herb that most suits your taste buds), few dashes of hot sauce, paprika, olive oil, white wine, rock salt",2025-05-21T06:30:24.672709
138,malabar fish curry,19649,43,Non-Coffee,,"whole coriander seeds, whole red chilli, coconut oil, mustard seeds, onion, curry leaf, coconut milk, tamarind pulp, coriander, seabass fish curry cuts",2025-05-21T06:30:24.672709
139,surmai curry with lobster butter rice,16106,79,Non-Coffee,,"tamarind, red chilli powder, turmeric powder, salt, fresh coconut, onion, garlic cloves, coriander seeds, fenugreek seeds, red chilli powder, turmeric powder, tamarind (lemon sized), butter, lobster (de-shell and devein and make a small cube), salt and lime, surmai",2025-05-21T06:30:24.672709
140,seared salmon in tabasco butter,15739,82,Non-Coffee,,"butter, tabasco, chives, salt, salmon fillet, olive oil, sea salt",2025-05-21T06:30:24.672709
141,"risotto lobster with parmesan egg pancake, confit tomatoes and coral tuille",16428,16,Non-Coffee,,"lobster shell, carrot, leeks, garlic cloves, tomato paste, bay leaf, peppercorn, water, lobster meat, arborio rice, onion, leeks, lobster stock, parmesan cheese, cream, salt, olive oil, egg, parmesan, flour, milk, parsley, salt, cherry tomatoes, garlic pods, olive oil, water, oil, flour, salt",2025-05-21T06:30:24.672709
142,fish skewers with coriander and red wine vinegar dressing,23608,89,Non-Coffee,,"sea bass fillets, olive oil (for grilling), red wine vinegar, sugar, extra virgin olive oil, garlic clove, coriander, bamboo skewers",2025-05-21T06:30:24.672709
143,seafood rock filler,20465,46,Non-Coffee,,"baked tart of mixed sea food served with phyllo fruit bowl, savory tart shell (semi baked), mixed sea food, mornay sauce, assorted herb and seasoning, phyllo pastry, assorted seasonal fruit",2025-05-21T06:30:24.672709
144,shrimp & cilantro ceviche,20545,77,Non-Coffee,,"prawns, gherkin, onion, cilantro, mix bell pepper, tiger milk, sweet corn, sea salt, black pepper, green lemon juice, cherry tomato, edible flower, coriander stems, celery stalks, garlic, ginger, red onion, lemon juice, sea salt, black pepper",2025-05-21T06:30:24.672709
145,saewoo bokumbop (shrimp fried rice),20804,98,Non-Coffee,,"cooked rice, shrimp (de-veined, onion, cooked green peas, green onion, egg (scrambled), vegetable oil/butter, soy sauce, sesame oil, salt, pepper",2025-05-21T06:30:24.672709
146,thai prawn curry & baked rice ,16645,46,Non-Coffee,,"jeera whole, coriander seeds, kashmiri chilly, garlic, ginger, green chillies, kokum, coconut, onion, tomatoes, coriander, prawns, salt, turmeric powder, garlic paste, asafoetida, refined oil, ginger paste, goan rice, coconut milk, green chillies, fresh coconut, hing, refined oil, coriander leaves, basmati rice, coconut milk, green chillies, coconut milk, coconut, salt, green chillies, curry leaf, lecite",2025-05-21T06:30:24.672709
147,bihari fish curry,17894,87,Non-Coffee,,"rohu fish, salt, turmeric powder, chilli powder, oil, garlic , green chillies, mustard seeds, black peppercorns, cumin seeds, whole red chillies, fenugreek seeds, tomatoes, mustard oil, bay leaves, water, garam masala, coriander leaves",2025-05-21T06:30:24.672709
148,curry fish fingers,18579,70,Non-Coffee,,"river sole fish (cut in thin strips), garlic paste, salt , lime juice, beer, flour, cornflour, white pepper, eggs, mustard",2025-05-21T06:30:24.672709
149,prawn and litchi salad,20281,26,Foods,,"prawns (shelled and cleaned), spring onions, mango flesh, litchis (deseeded), chilli flakes, lemon (for lemon juice), olive oil, peanuts (to garnish), salt",2025-05-21T06:30:24.672709
150,kerala fish curry,16820,96,Non-Coffee,,"white fish (cut into cubes), onion, tomato, garlic cloves, fresh green chillies (deseeded), oil, fresh coconut paste, red chilli paste, coriander powder, turmeric powder, salt, whole dry red chillies, black mustard seeds, curry leaves, tamarind extract, water",2025-05-21T06:30:24.672709
151,fish andlouse,18869,57,Non-Coffee,,"white wine and water mix to cover, onion, salt, bay leaf, black pepper corns, olive oil, onion, garlic, tomatoes (peeled and seeded), basil leaves, spring fresh thyme - optional 1 bay leaf, salt and pepper, olive oil, wine vinegar, prepared mustard, salt and pepper, assorted garden herbs ( parsley, basil etc.",2025-05-21T06:30:24.672709
152,prawn fried rice,24686,37,Non-Coffee,,"Oil, Bacon, Prawns, Chicken, Carrots, Garlic Buds, Ginger, Spring Onion, Sweet Chili Sauce, Soy Sauce, Salt, Pepper, Sweet Corn, Vinegar, Baked Rice, Green Coriander",2025-05-21T06:30:24.672709
153,damdama fish curry,20361,22,Non-Coffee,,"Fish, onion, tomato, reshagi red chilli powder, cumin powder, coriander powder, coriander, cumin, salt, oil",2025-05-21T06:30:24.672709
154,fish with white sauce,21992,96,Non-Coffee,,"Fillet fish, oil, milk, flour, butter, salt, ground black pepper",2025-05-21T06:30:24.672709
155,chilli fish,23592,56,Non-Coffee,,"For fish pieces (Boneless), Flour, Cornflour, Baking Powder, Soy Sauce, Celery, Pepper, Salt, Oil, Green Onion, Sauce:, Ginger, Garlic, Green Chili, Soy Sauce, Tomato Sauce, Chili Sauce, Cornflour",2025-05-21T06:30:24.672709
156,fish ambultiyal,19424,51,Non-Coffee,,"Tuna, onion, fenugreek, whole chilli, pandan leaf, salt, water, cardamom, cinnamon, coriander powder, black pepper, red chilli, curry powder, garlic (crushed), chili flakes, gorca, salt",2025-05-21T06:30:24.672709
157,chettinad fish fry,24362,37,Non-Coffee,,"Surmai fish, oil, garlic buds, ginger (mash), cumin, fennel, whole coriander, black pepper, mustard seeds, curry leaves, salt, oil, water, tomatoes, red pepper powder, turmeric powder, tamarind pulp, cornflour, lemon pieces of",2025-05-21T06:30:24.672709
158,fish moilee,18145,17,Non-Coffee,,"Basa fish, onion, ginger, garlic buds, green chillies, turmeric, red chilli powder, coriander powder, lemon juice, curry leaves, refined oil, refined oil, mustard seeds, black pepper, fennel, green cardamom, coconut milk, Cherry tomatoes",2025-05-21T06:30:24.672709
159,batter fish,17183,18,Non-Coffee,,"Fresh fish pieces (river sol or sea bass), maida, passerley, oil, baking powder, maida, egg (optional), soda water, salt and pepper",2025-05-21T06:30:24.672709
160,fish salan,17485,93,Non-Coffee,,"King fish, ripe tomatoes, desi ghee, ginger-garlic paste, onion, turmeric powder, red chilli powder, black pepper powder, garam masala, ginger, turmeric powder, fennel powder, refined oil, salt, water",2025-05-21T06:30:24.672709
161,spanish fish fry,26707,85,Non-Coffee,,"Sol fish, tomato, onion, lemon juice, olive oil, ginger and garlic paste, bay leaves, cinnamon stick, green chillies, vinegar, salt, water",2025-05-21T06:30:24.672709
162,prawn potato soup,18307,69,Non-Coffee,,"Onion, potato, prawns, eggs, milk, butter, coriander, salt, water",2025-05-21T06:30:24.672709
163,red rice vermicelli kheer,24542,90,Non-Coffee,,"red rice vermicelli / broken sooji / semolina vermicelli, butter, almonds, whole milk, cardamom powder, saffron strands / thread, sugar",2025-05-21T06:30:24.672709
164,green cucumber shots,26081,63,Foods,,"english cucumbers, garlic cloves (smashed), romaine lettuce, basil, parsley, cilantro, big lemon, sea salt, olive oil",2025-05-21T06:30:24.672709
165,thai pineapple rice,22272,88,Non-Coffee,,"rice, onion, thai ginger , fresh turmeric, curry leaf, lemon grass, coconut milk, salt, hot curry powder, pineapple chunks, oil, water, turmeric powder, fresh pineapple",2025-05-21T06:30:24.672709
166,green asparagus risotto,19286,41,Non-Coffee,,"carnaroli rice, vegetable broth, butter, extra virgin olive oil, parmigiano cheese, onion (minced), white wine, salt & pepper",2025-05-21T06:30:24.672709
167,veg fried rice,23326,58,Non-Coffee,,"oil, ginger-garlic paste, spring onion, carrot, cabbage, capsicum, salt, soy sauce, vinegar, rice",2025-05-21T06:30:24.672709
168,egg and garlic fried rice,19082,52,Non-Coffee,,"oil, garlic, spring onion , ginger, red chilli , egg, cooked rice, salt, black pepper powder, soya sauce",2025-05-21T06:30:24.672709
169,curd rice,22370,67,Non-Coffee,,"rice, water, curd, milk, carrot, green chilli, ginger, salt, coriander leaves, oil, mustard seeds, chana dal, urad dal, curry leaves, red chilli, hing",2025-05-21T06:30:24.672709
170,fried rice with soya chunks,24481,84,Non-Coffee,,"basmati rice, carrot, capsicum, beans, green peas, ginger, garlic, green chillies, bay leaf, cinnamon sticks, green cardamoms, clove, soya chunks, salt,",2025-05-21T06:30:24.672709
171,corn pulao,20833,31,Non-Coffee,,"basmati rice, american corn kernels, olive oil, onion, ginger garlic paste, salt, green chillies, cumin seed, bay leaf, pepper corn, cloves, hot water, coriander leaves, lime juice, bell pepper (saut?ed and diced), coconut",2025-05-21T06:30:24.672709
172,zucchini methi pulao,26493,82,Non-Coffee,,"zucchini, basmati rice, fenugreek (methi), clarified butter (desi ghee), clarified butter (desi ghee), cumin seeds (jeera), asafoetida (heeng), green chilles, ginger, salt",2025-05-21T06:30:24.672709
173,lemon rice,26038,92,Non-Coffee,,"cooked basmati rice, oil, asafoetida (heeng), mustard seeds (sarson), curry leaves (kadhi patta), whole red chilli (sabut laal mirch), turmeric powder(haldi), salt, lemon juice, peanuts, urad dal, chana dal, ginger",2025-05-21T06:30:24.672709
174,kale channe ki biryani,23447,83,Non-Coffee,,"black gram (kala chana), basmati rice (soaked for 2 hours), cinnamon, green cardamoms, cloves, ghee, black cardamoms, black peppercorns, bay leaves, onions, green chillies (slit), ginger-garlic paste, coriander powder, turmeric powder, yogurt, fresh mint leaves, fresh coriander leaves, garam masala powder, red chilli powder, salt, cashew nuts, almonds, milk, fresh cream, saffron, ginger, screw pine essence (kewra), browned onions, whole wheat flour dough",2025-05-21T06:30:24.672709
175,chicken paella,19855,48,Non-Coffee,,"chicken, oil, salt and pepper, paprika powder, chilli flakes, garlic paste, onions, bell peppers, rice, vegetable stock, saffron, peas, olives, parsley, white wine",2025-05-21T06:30:24.672709
176,thai fish curry,17112,60,Non-Coffee,,"fish (cubed), thai green curry paste, oil, onions, garlic, ginger/galangal, coconut milk, coriander, lemon juice, palm sugar, basil leaves, salt & pepper",2025-05-21T06:30:24.672709
177,vegetable pulao,25455,93,Non-Coffee,,"water, basmati rice, ghee, paneer (cooked), carrot, beans, peas, elaichi, cardamoms, cinnamon, bay leaves, cumin seeds, chilli powder, turmeric, salt, coriander leaves",2025-05-21T06:30:24.672709
178,oats shallots pulao,15358,71,Foods,,"Rice, Green Coriander, Green Chillies, Onion, Cinnamon, Cardamom, Cloves, Red Chilli Powder, Salt, Garlic Flakes, Ginger, Chalet, Olive Oil",2025-05-21T06:30:24.672709
179,shiitake fried rice with water chestnuts,19523,69,Non-Coffee,,"Shitake Mushrooms, Vegetable Oil, Garlic Buds, Green Chillies, Water chestnuts, Onions, Leaks, Celery, Ginger, Sesame Oil, Rice Baked, White Chillies, Salt, Rice Wine Vinegar, Green Onions, Small Bunch Pasarley, Sesame Oil",2025-05-21T06:30:24.672709
180,lotus leaf wrapped fried rice,19737,58,Non-Coffee,,"Jasmine Rice (Baked), Edamame Beans, Mock Meat, Shitake Mushroom, Spring Onion, Dark Soy Sauce, Sunflower Oil, Salt",2025-05-21T06:30:24.672709
181,vegetable biryani,26028,51,Non-Coffee,,"Cumin, Onion, Ginger Garlic, Mix Vegetable, Coriander Powder, Garam Masala, Turmeric Powder, Salt, Red Chilli Powder, Green Chillies, Lemon Juice, Steamed Rice, Green Coriander",2025-05-21T06:30:24.672709
182,avial with red rice,15225,74,Non-Coffee,,"Red rice, water, potatoes, carrots, raw banana, drumstick, small raw mango, sour curd, bean stick, onion, salt, turmeric, water, coconut oil, green chillies, mustard seeds (crushed)",2025-05-21T06:30:24.672709
183,rice in lamb stock,17584,71,Non-Coffee,,"Rice, desi ghee, big cardamom, bay leaf, cinnamon stick, fennel, onion, lamb bonz, royal cumin, cashew, cream, green cardamom powder, salt, water",2025-05-21T06:30:24.672709
184,vegetable bruschetta,25308,55,Non-Coffee,,"baguette (grilled slices), black olive tapenade, artichoke hearts, lettuce arugula (trummed), tomato confit, fresh basil leaves, mint leaves, zucchini, goat cheese, parmesan cheese shavings, mozzarella buffalo cheese",2025-05-21T06:30:24.672709
185,red wine braised mushroom flatbread,18918,47,Non-Coffee,,"olive oil, fresh buffalo mozzarella cheese, canned pelati tomatoes (cooked), pizza/flatbread base, mushrooms, red wine, parsley, garlic cloves (halved), salt",2025-05-21T06:30:24.672709
186,strawberry & pistachio breton tart,22668,22,Foods,,"plain flour, baking powder, sea salt, unsalted butter, egg yoks, castor sugar, double cream, yolk, sugar, gelatine, butter, pistachio paste, strawberry",2025-05-21T06:30:24.672709
187,tricolour pizza,25261,27,Non-Coffee,,"pizza base , pizza sauce, mozzarella cheese, black olive, green capsicum, carrots, olive oil",2025-05-21T06:30:24.672709
188,instant rava dosa,19449,73,Non-Coffee,,"rava/suji/semolina, rice flour, all purpose flour, fresh coconut (pieces), jeera, green chilli, dhaniya, onion (diced), salt, water, oil, ghee/clarified butter",2025-05-21T06:30:24.672709
189,easy bread poha,23480,91,Non-Coffee,,"oil, hing, mustard seeds, curry leaves, whole red chillies, cookes peas, peanuts, turmeric powder, salt, bread, green chillies, lemon juice, coriander leaves, dessicated coconut",2025-05-21T06:30:24.672709
190,bread chana basket,19955,58,Non-Coffee,,"bread (white/brown), butter, for chana chaat:, chana, onion, tomatoes, cumin seeds, ginger garlic paste, chilli powder, chana masala, turmeric powder , oil, salt",2025-05-21T06:30:24.672709
191,spaghetti with clams & crispy bread crumbs,21411,94,Non-Coffee,,"panko, 1/4 cup plus 1 tablespoon extra-virgin olive oil, plus more for drizzling, kosher salt, freshly ground pepper, garlic cloves, manila clams or cockles, scrubbed, dry white wine, spaghetti, lemon zest, lemon juice, mullet bottarga (optional; see note), red pepper, thyme, rosemary, parsley",2025-05-21T06:30:24.672709
192,kasha bread,26703,93,Non-Coffee,,"kasha, boiling water, buckwheat flour, all-purpose gluten free flour, brown sugar, baking powder, baking soda, xanthum gum, salt, buttermilk, cream, egg, oil, walnuts",2025-05-21T06:30:24.672709
193,egg paratha,24582,19,Non-Coffee,,"whole wheat flour, salt, oil, eggs, onions, green chilli, coriander leaves, garam masala",2025-05-21T06:30:24.672709
194,egg and cheddar cheese sandwich,15989,61,Non-Coffee,,"egg, salt, pepper, ham slices, basil leaves",2025-05-21T06:30:24.672709
195,egg in a blanket,17080,36,Non-Coffee,,"eggs, brown bread slices, butter, chilli flakes, oregano, salt",2025-05-21T06:30:24.672709
196,bread dahi vada,18428,56,Non-Coffee,,"bread slices, curd, oil, salt and black pepper , red chilli powder, aamchoor powder, mint leaves, zeera powder, anardana",2025-05-21T06:30:24.672709
197,cheese and avocado parantha,24562,91,Non-Coffee,,"Wheat flour, Kasuri methi, water, olive oil, avocado, mozzarella cheese, pizza tasting, ghee, salt",2025-05-21T06:30:24.672709
198,bread with tomatoes and olives,19492,10,Non-Coffee,,"French Bread Loaf, Tomato, Extra Virgin Olive Oil, Salt, Black Pepper, Passerley, Stuffed Green Olive",2025-05-21T06:30:24.672709
199,lemon poppy seed cake,22073,34,Foods,,"plain flour, baking powder, salt, castor sugar, baking soda, eggs, butter, vanilla essence, lemon juice, poppy seed, lemon peel, to serve:, lemon syrup, whip cream, fresh berry",2025-05-21T06:30:24.672709
200,chocolate kaju katli,22143,41,Foods,,"cashew nuts, sugar, water, milk chocolate or dark chocolate",2025-05-21T06:30:24.672709
201,mix fruit laccha rabri tortilla crunch,22512,41,Non-Coffee,,"milk, sugar, cardamom powder, saffron, almonds and pistachios, grapes, apple, kiwi, orange, pomegranate, mint leaves, tortilla sheet, oil",2025-05-21T06:30:24.672709
202,pista chocolate & mandarin,16679,12,Foods,,"Pistachios, milk, sugar, broken rice, green cardamom, white chocolate, milk, egg yolks, whipped cream, vanilla pod, mandarin, sugar, water",2025-05-21T06:30:24.672709
203,banana and chia tea cake,26569,36,Foods,,"Banana, Castor Sugar, Flour, Oil, Milk, Eggs, Baking Soda, Flax Seeds, Almond Flakes, Chia Seeds",2025-05-21T06:30:24.672709
204,chocolate and almond rum ball ,19463,92,Foods,,"Chocolate sponge eggless, dark chocolate, single cream, almonds, castor sugar, instant coffee powder, dark rum",2025-05-21T06:30:24.672709
205,lemon sushi cake,24308,79,Foods,,"Vanilla pre mix, gel, oil, water, egg yolks, lemon juice, sugar, butter, white chocolate, cooking cream, milk",2025-05-21T06:30:24.672709
206,chocolate doughnut,20508,25,Foods,,"Sugar, egg yolks, egg, butter, yeast, milk",2025-05-21T06:30:24.672709
207,spiced almond banana jaggery cake,26452,10,Foods,,"Butter, cinnamon molasses powder, nutmeg (powdered), almonds, sugar, eggs, orange peel, banana, flour, baking soda, baking powder, salt, buttermilk, powdered cinnamon",2025-05-21T06:30:24.672709
208,fennel scented sweet banana fritters,20864,35,Foods,,"Wheat flour, banana, jaggery, milk or water, ghee or oil",2025-05-21T06:30:24.672709
209,camel milk cake tart,16880,47,Foods,,"Camel milk, sugar, vinegar, butter, brown sugar, maida, eggs",2025-05-21T06:30:24.672709
210,quinoa coconut crumble custard,24789,25,Foods,,"Knoia (cooked), oats, cinnamon powder, salt, brown sugar or jaggery, nuts, coconut nuts, eggs, kinoia, coconut milk, maple syrup, vanilla extract, cinnamon powder, salt, honey",2025-05-21T06:30:24.672709
211,lamb barley pot,23607,99,Foods,,"pot barley, onions, worcestershire sauce, chilli flakes, mustard seeds, thick mutton chunks, thick neck of lamb chops, water or stock (to cover), salt, black pepper (freshly ground)",2025-05-21T06:30:24.672709
212,al hachi chicken,20913,31,Non-Coffee,,"shallow fried chicken, bottle gourd (boiled and sun dried), onion, garlic, whole spices:, green cardamom, black cardamom, cinnamon sticks, turmeric, deggi mirch, fennel seeds powder, dry ginger powder, coriander powder, salt, mustard oil, desi ghee",2025-05-21T06:30:24.672709
213,berry parfait hazelnut white chocolate sable,16090,40,Foods,,"for berry parfait:, egg yolk, caster sugar, berry puree, cream cheese, double cream, for hazelnut streusel:, ground hazelnut, flour, caster sugar, butter, for hazelnut white chocolate pressed sable:, hazelnut streusel, cocoa butter, puffed rice, clarified butter, melted white chocolate, for flexy berry:, raspberry puree, sugar, liquid glucose, pectin",2025-05-21T06:30:24.672709
214,badam papite ke kebab with pineapple salsa,20319,39,Non-Coffee,,"Raw papaya, raw potato, almonds, salt, asafoetida, turmeric, celery, coriander, ginger, green chillies, gram flour, green coriander, oil, pineapple, onion, green chillies, green coriander, lemon juice, salt, pepper",2025-05-21T06:30:24.672709
215,mixed vegetable soup,26183,49,Foods,,"Mix vegetable (tomatoes, carrots, peas and French beans), salt, cumin powder, oil, curry leaves",2025-05-21T06:30:24.672709
216,duo of chocolate and strawberry,25174,63,Foods,,"dark chocolate, white chocolate, strawberries",2025-05-21T06:30:24.672709
217,mustard-parmesan whole roasted cauliflower,15129,41,Foods,,"cauliflowers, garlic, halved, olive oil , dijon mustard , kosher salt , freshly ground black pepper , fresh parsley leaves, parmesan , lemon wedges",2025-05-21T06:30:24.672709
218,hassel back sweet potatoes,17607,90,Foods,,"sweet potatoes, butter, brown sugar, pure vanilla extract, ground cinnamon, himalayan pink salt / rock salt",2025-05-21T06:30:24.672709
219,mother christmas cake,16555,63,Foods,,"tart apples (2 large), sugar, apple juice, eggs, vegetable oil, vanilla extracts, all-purpose flour, apple pie spice (cinnamon), salt, pecans, candied red cherries (halved), candied green cherried (halved), candied pineapple (diced), cashews (optional)",2025-05-21T06:30:24.672709
220,matcha tea macarons,15792,18,Foods,,"egg whites, breakfast sugar, icing sugar, almond powder, matcha powder, heavy cream, white chocolate",2025-05-21T06:30:24.672709
221,"amaranthus granola with lemon yogurt, berries and marigold",21515,16,Foods,,"popped amaranthus (cholai), oats, almonds, cinnamon powder, sunflower seeds, sesame seeds, honey, brown sugar, salt, olive oil, lemon rind, plain yogurt (whipped with lemon rind), blueberries",2025-05-21T06:30:24.672709
222,chocolate fudge cookies,26632,80,Foods,,"dark chocolate coverture, butter, sugar, eggs, flour, baking powder, salt, cocoa powder, vanilla essence",2025-05-21T06:30:24.672709
223,veg summer rolls,22207,91,Non-Coffee,,"rice paper sheets, iceberg lettuce, carrot, bean sprouts, cucumber, tofu, basil, mint leaves, coriander, rice noodles (soaked in warm water for 20-25 minutes), peanuts, hoisin sauce, peanuts, garlic, oil, red chillies, water",2025-05-21T06:30:24.672709
224,eggless vanilla cake,17758,73,Foods,,"maida, baking powder, castor sugar, butter, milk, vanilla essence, vinegar",2025-05-21T06:30:24.672709
225,sweet potato pie,24880,70,Foods,,"yams (red skinned), condensed milk, sugar, egg , cinnamon , marshmallows ,",2025-05-21T06:30:24.672709
226,wok tossed asparagus in mild garlic sauce,26731,20,Foods,,"asparagus, 1 fried onion (medium), 1/2 tsp breakfast sugar, 10 ml potato starch, 20 ml stock vegetarian, 20 gm porcini, salt to taste, 50 ml oil",2025-05-21T06:30:24.672709
227,cinnamon oatmeal pancakes,20390,86,Foods,,"rolled oats, buttermilk (divided), whole wheat flour or oat flour, baking powder, baking soda, cinnamon, salt, eggs, canola oil , honey or maple syrup,",2025-05-21T06:30:24.672709
228,chocolate chip cheesecake,24774,16,Foods,,"butter biscuits (broken into pieces), butter (softened), cream cheese (softened), sugar, egg, rose essence or vanilla essence, chocolate chips",2025-05-21T06:30:24.672709
229,chocolate lava cake,17643,15,Foods,,"dark chocolate, butter, icing sugar, egg yolks + whole eggs, flour",2025-05-21T06:30:24.672709
230,eggless coffee cupcakes,21793,52,Foods,,"maida/ flour, baking powder, sugar, cocoa powder, vanilla essence, butter (softened, salted. in case you are using unsalted butter, add 1/4 tsp salt), milk (to make the batter smooth. adjust the milk quantity according to your batter's smoothness), coffee powder + 1 tsp water, to make a paste (you can increase or decrease according to your coffee tolerance)",2025-05-21T06:30:24.672709
231,chicken in white wine,20659,93,Non-Coffee,,"black pepper, plain flour, olive or sunflower oil, rashers lean bacon, onions or shallots (cut in half), mushrooms, butter, boneless and skinless chicken breasts (chopped into 3cm pieces), dry white wine, chicken or vegetable stock, garlic cloves, bay leaves, fresh thyme sprigs (washed or 1/2 tsp dried thyme)",2025-05-21T06:30:24.672709
232,apple and walnut cake,22260,41,Foods,,"Apple, Eggs, Walnuts, Sugar, Walnuts, Oil, Flour, Baking Powder, Cinnamon Powder",2025-05-21T06:30:24.672709
233,gluten free almond cake,23973,65,Foods,,"Almond Powder, Egg, Honey, Baking Soda, Vanilla Essence, Salt, Honey, Almond",2025-05-21T06:30:24.672709
234,cinnamon star cookies,17794,61,Foods,,"Butter, Castor Sugar, Christmas Mix Spicy, Cinnamon Powder, Honey, Glucose, Cream, Poultry Flour, Baking Soda, Bread Flour",2025-05-21T06:30:24.672709
235,whole wheat cake,16033,36,Foods,,"Oven temperature, wheat flour, jaggery sugar, baking powder, oil, eggs, water, almond essence, walnuts",2025-05-21T06:30:24.672709
236,plum cake,21934,98,Foods,,"oven temp: 150 c-300 f, butter, sugar, eggs, almonds, vanilla essence, mixed fruits (sultanas, raisins, candied peels and cherries), refined flour,",2025-05-21T06:30:24.672709
237,double chocolate easter cookies,21482,74,Foods,,"Butter, Brown Sugar, Castor Sugar, Vanilla Essence, Dark Chocolate, Refined Flour, Cocoa Powder, Baking Soda, Salt, Milk, Cadbury Gems",2025-05-21T06:30:24.672709
238,holi special malai kofta,26951,27,Non-Coffee,,"potatoes, paneer (cottage cheese), maida, coriander leaves (chopped), onion, ginger-garlic paste, tomatoes, malai or cream, raisins and cashew nuts, cashew nuts paste, haldi, red chilli powder, kitchen king masala, kasuri methi (dry fenugreek), salt, sugar",2025-05-21T06:30:24.672709
239,homemade gulab jamun,18430,46,Foods,,"sugar, water, milk, cardamom seeds, saffron, cardamom powder, khoya, baking soda, maida, milk",2025-05-21T06:30:24.672709
240,lamb rogan josh,26196,13,Non-Coffee,,"lamb chops or stewing lamb, vegetable oil, cassia bark or cinnamon stick, bay leaves, green cardamoms, onions, garlic cloves, butter, turmeric, chilli powder, ground cumin, ground coriander, tomato puree, salt, garam masala, lemon juice",2025-05-21T06:30:24.672709
241,fish curry,20024,98,Non-Coffee,,"fresh sole fish, black pepper powder, lemon (juiced), onion, coriander seeds, black pepper, raw rice, garlic cloves, coconut, coriander leaves, ginger (large), cinnamon powder, clove powder, ground nut oil, tamarind paste, cooking oil, salt,",2025-05-21T06:30:24.672709
242,rice kheer,25518,46,Non-Coffee,,"milk, rice (washed), sugar, raisins, green cardamoms, almonds (shredded)",2025-05-21T06:30:24.672709
243,assorted rice kheer sushi,19124,68,Non-Coffee,,"basmati rice, milk, sugar, pistachio, almonds, green cardamoms(powdered), saffron, rose water, rose petals (dried), dark chocolate",2025-05-21T06:30:24.672709
244,jalebi with fennel yogurt pudding,23916,70,Foods,,"all purpose flour, yogurt, oil, sugar, water, saffron, green cardamom, yogurt (strained), milk (warm), sugar, nutmeg, cardamom powder",2025-05-21T06:30:24.672709
245,broccoli souffle,17397,35,Non-Coffee,,"broccoli, butter, extra virgin olive oil, all-purpose flour, low fat milk, salt, black pepper, cheddar cheese, eggs (separated), egg whites, cream of tarter",2025-05-21T06:30:24.672709
246,christmas dry fruit cake,17215,80,Foods,,"butter (at room temperature), dark brown sugar, eggs, flour, salt, all spice powder, cinnamon, nutmeg, currants; golden raisins; dark raisins (each), soft dried figs, dates (pitted), prunes (stoned dried), apricots (dried), almonds (chopped), brandy, instant espresso (mixed with 1 tbsp water)",2025-05-21T06:30:24.672709
247,microwave chicken steak,20674,48,Foods,,"chicken breasts (boneless), eggs (slightly whisked), ginger paste, garlic paste, onions, coriander leaves, green chillies, black pepper powder, flour, vinegar, salt, oil",2025-05-21T06:30:24.672709
248,cheese and ham roll,26633,25,Foods,,"hung curd, butter, cream, ground pimento, lemon juice, vodka, salt and pepper, asparagus spears(cooked), ham, pineapple slices",2025-05-21T06:30:24.672709
249,vegetable manchurian,23036,85,Non-Coffee,,"mixed vegetables - chopped fine or grated, eggs (slightly beaten), refined flour, garlic paste, ginger paste, water, oil , garlic , onions , capsicum, cornflour (blended with water), vinegar, salt, soya sauce, tomato puree, celery, ajinomoto (optional), water",2025-05-21T06:30:24.672709
250,jerk chicken,21641,37,Non-Coffee,,"chicken legs, lime (halved), jerk seasoning powder (bottled), jerk seasoning paste (bottled), olive oil",2025-05-21T06:30:24.672709
251,lemon poppy seed cake ,22494,67,Foods,,"Flour, Baking Powder, Salt, Castor Sugar, Baking Soda, Eggs, Butter, Vanilla Essence, Lemon Juice, Poppy, Lemon Peel, Lemon Syrup, Wiped Cream, Fresh Berry",2025-05-21T06:30:24.672709
252,steam bunny chicken bao ,18682,95,Non-Coffee,,"Buns, Flour, Dry Yeast, Sugar, Salt, Hot Water, Chicken Mince, Eggs, Soy Sauce, Sugar, Sesame Oil, Worcestershire Sauce, Chives, Aromat Powder",2025-05-21T06:30:24.672709
253,double chocolate easter cookies ,23070,93,Foods,,"Butter, Brown Sugar, Castor Sugar, Vanilla Essence, Dark Chocolate, Refined Flour, Cocoa Powder, Baking Soda, Salt, Milk, Cadbury Gems",2025-05-21T06:30:24.672709
254,orange quinoa sevaiyan,26059,71,Foods,,"sevaiyan, quinoa, orange juice , dried figs, sugar, almond milk, desi ghee, jaggery, walnuts, melon seeds, peanuts",2025-05-21T06:30:24.672709
255,spicy creamy kadai chicken,23973,18,Non-Coffee,,"chicken, ginger-garlic paste, pepper powder, lime juice, oil, salt, tomatoes, green chillies, ginger-garlic paste, chilli powder, black cardamoms, cloves, water, onion, ginger, green chillies, chilli powder, turmeric powder, garam masala, kasturi methi, cream",2025-05-21T06:30:24.672709
256,apple kheer,21380,80,Foods,,"apples, basmati rice, nuscovado sugar (you can also use normal sugar), cashew nuts and almonds, cassia bark or cinnamon stick, red grapes",2025-05-21T06:30:24.672709
257,ragi oats ladoo (laddu),16577,26,Foods,,"ragi flour, oats flour, dates (ripe), milk, honey, ghee, green cardamom powder, white sesame seeds, coconut powder, cashew nuts",2025-05-21T06:30:24.672709
258,lamb korma,23811,48,Non-Coffee,,"onions, almond paste, ghee, cinnamon sticks, green cardamom, cloves, mace, bay leaves, garlic paste, ginger paste, lamb, salt, rose water (infused with 4-5 strands of saffron), yellow chilli powder, yogurt, yellow chilli powder, black pepper powder, coriander seed powder, cumin powder, red chilli powder, turmeric powder, clove powder, green cardamom powder, rose petal powder, nutmeg powder, black cardamom powder, fennel powder, cinnamon powder, mace powder, onions, cream/malai",2025-05-21T06:30:24.672709
259,ragi coconut ladoo (laddu),19074,34,Foods,,"finger millet flour (ragi), jaggery, peanuts, coconut, salt",2025-05-21T06:30:24.672709
260,quick chicken curry,16514,98,Non-Coffee,,"Chicken, onion paste, tomato, garlic paste, ginger paste, coriander powder, cumin powder, turmeric powder, red chilli powder, garam masala powder, oil, salt, green coriander",2025-05-21T06:30:24.672709
261,chicken shaami kebab,26260,85,Non-Coffee,,"Chana Dal, Chicken Thai, Salt, Whole Red Chillies, Cumin, Whole Coriander, Cloves, Pepper Whole, Cinnamon Stick, Celery, Eggs, Green Coriander, Mint, Green Chillies, Ginger, Garlic Buds, Oil",2025-05-21T06:30:24.672709
262,chicken masala,23537,98,Non-Coffee,,"Chicken, ginger, garlic, onion, tomato, garam masala, bay leaves, salt, turmeric, coriander powder, red chilli powder, oil, green coriander, cream",2025-05-21T06:30:24.672709
263,holi special bhang pakode,23531,77,Non-Coffee,,"besan, potato, fresh bhang leaves, spinach, bhang seed powder, ajwain, fresh green chilly , salt, tamarind paste, red chilly powder, mustard seeds, whole red chilli, soda",2025-05-21T06:30:24.672709
264,kuttu atta pizza,25062,60,Non-Coffee,,"kuttu atta, salt, sugar, yeast, mozzarella cheese fresh, tomato, basil, cottage cheese, green chillies, olive oil, salt, black pepper (crushed), oregano",2025-05-21T06:30:24.672709
265,arbi kofta with mint yogurt dip,21532,79,Foods,,"arbi/colocasia roots, water chestnut flour (kuttu ka aata), green chili, ginger, carom seeds, rock salt, oil, mint, curd, cucumber, pomegranate",2025-05-21T06:30:24.672709
266,puffed rice squares,16215,30,Foods,,"puffed rice, nuts, honey, jaggery, butter, kewda to flavor, cardamom powder",2025-05-21T06:30:24.672709
267,red velvet banana pudding,20489,48,Foods,,"one can of sweetened condensed milk, ice cold water, instant vanilla pudding mix, cream cheese (softened and cut into 8 pieces), heavy cream, one 9 x 13 inch layer of red velvet cakcake, ripe bananas, mini chocolate chips, sugar, cocoa, cake flour, baking soda, salt, butter (room temp cut into 1 inch pieces), eggs, milk, sour cream, cider vinegar, vanilla extract, red food coloring, all-purpose flour, milk, unsalted butter (room temperature), sugar, vanilla extract",2025-05-21T06:30:24.672709
268,baked wild berry cheesecake,18387,95,Foods,,"butter, digestive biscuits, berries, cream cheese, castor sugar, vanilla extract, egg (lightly beaten), icing sugar",2025-05-21T06:30:24.672709
269,spiced orange valencia cake,26244,20,Foods,,"egg whites, egg white powder, sugar, almond powder, hazelnut powder, sugar, hazelnut (toasted)",2025-05-21T06:30:24.672709
270,jalapeno cheese fingers,23208,49,Non-Coffee,,"yellow cornmeal, sugar, baking soda, salt, buttermilk (well-shaken), egg, cheddar (extra sharp), scallion (white and pale green parts only), pickled jalapenos (drained), unsalted butter,",2025-05-21T06:30:24.672709
271,californian breakfast benedict,23083,35,Foods,,"brioche loaf, avocado paste, eggs, tomato, spinach, nutmeg powder, phyllo pastry sheet, assorted seasonal fruits, hollandaise sauce",2025-05-21T06:30:24.672709
272,chocolate marquise,15062,13,Foods,,"dark chocolate (melted), castor sugar, egg yolk, egg, cocoa powder, coffee, cream, berries, dark chocolate, fresh cream",2025-05-21T06:30:24.672709
273,corn & jalapeno poppers,21945,92,Non-Coffee,,"fresh corn kernels, corn flour, whole egg, cheddar cheese, jalapeno poppers, smoked paprika, coriander (toasted & ground), green onions, fresh cilantro, lemon (zest and juice), cooking oil",2025-05-21T06:30:24.672709
274,banana phirni tartlets with fresh strawberries,24221,30,Foods,,"basmati rice (soaked in water), milk, cardamom powder, milk, saffron, sugar, banana, fresh strawberries, plain flour, butter (chilled), castor sugar, egg yolk, chilled water",2025-05-21T06:30:24.672709
275,mexican pizza,26547,85,Non-Coffee,,"Dough tortia, refried beans, bell paper, spring onion, lettuce, mozzarella cheese, orange cheddar cheese, chitpole dressing, for pico de chelo, tomato, onion, lemon juice, salt, green chilli, coriander, black beans (boiled ), Tomato, onion, vine paper, vegetable oil",2025-05-21T06:30:24.672709
276,apple and pear cake,18313,87,Foods,,"Core, Chopped and Sliced ??Apple, Core, Chopped and Sliced ??Pears, Castor Sugar, Vanilla Essence, Sunflower Oil, Eggs, Flour, Milk, Baking Powder, Milk, Cinnamon Stick, Egg yolks, Castor Sugar",2025-05-21T06:30:24.672709
277,microwave chocolate cake,24757,22,Foods,,"Flour, castor or powdered sugar, oil, butter or margarine, cocoa powder, water, vanilla essence, baking soda, baking powder, salt, egg",2025-05-21T06:30:24.672709
278,white chocolate and lemon pastry,21367,36,Foods,,"White chocolate, fresh cream, VIP cream, vanilla bean, vanilla extract, cream cheese, gelatin, lemon, egg yolks, butter, castor sugar",2025-05-21T06:30:24.672709
279,mixed beans salad,21344,29,Foods,,"mixed boiled beans (choose from rajma, chawli, chick peas, hara chana), spring onions, tomatoes (diced), oil, lemon juice, basil, garlic, salt and pepper, for garnish:, coriander",2025-05-21T06:30:24.672709
280,baked raw banana samosa,24696,26,Foods,,"onion, ginger, curry powder, fresh coriander, green chilli, raw banana paste, refined oil, mustard seeds, phyllo sheets, salt",2025-05-21T06:30:24.672709
281,coconut mango oatmeal with cinnamon hint,21812,67,Foods,,"coconut (tender), coconut milk, oats, ripe mango (diced), castor sugar, dry fruits, honey, cardamom powder",2025-05-21T06:30:24.672709
282,fruit cube salad,19565,76,Foods,,"watermelon, cantaloupe, kiwifruiit, pineapple, marshmallow, mint leaf (crushed nuts, sesame seeds or cinnamon)",2025-05-21T06:30:24.672709
283,veg hakka noodles,15976,64,Non-Coffee,,"noodles, salt, oil, garlic paste, ginger paste, beans, cabbage, carrot, spring onion, capsicum, soy sauce, green chilli sauce, tomato sauce",2025-05-21T06:30:24.672709
284,strawberry quinoa pancakes,15442,81,Foods,,"quinoa, milk, olive oil, egg (slightly beaten), baking powder, orange essence, castor sugar, maple syrup, strawberries (to garnish)",2025-05-21T06:30:24.672709
285,spinach & banana pancakes,19071,82,Foods,,"Rolled Oats, Milk, Spinach, Banana, Egg, Cinnamon Powder, Vanilla Extract, Baking Powder",2025-05-21T06:30:24.672709
286,french onion grilled cheese,26597,59,Non-Coffee,,"Brown slice bread, onion, oil, emmental cheese",2025-05-21T06:30:24.672709
287,pasta in cheese sauce,21725,44,Non-Coffee,,"Milk, Flour, Butter, Pepper Powder, Nutmeg, Cheese, Pasta (of your choice)",2025-05-21T06:30:24.672709
288,deviled scotch egg,25331,38,Non-Coffee,,"Lamb Keema, Rosemary, Thyme, Eggs (hard boiled peel), Flour, Eggs (Lightly Whipped), Panco, Peanut Oil, Salt, Pepper, Mayonnaise, Apple Cedar Vinegar, English Mustard, Salt, Pepper, Paprika and Olive Powder",2025-05-21T06:30:24.672709
289,amritsari fish,23335,53,Non-Coffee,,"fish with curry, ginger and garlic",2025-05-21T06:30:24.672709
290,butter chicken,17340,51,Non-Coffee,,mughalai delecacy,2025-05-21T06:30:24.672709
291,chicken razala,16628,19,Non-Coffee,,chicken cooked in a rich gravy with mint,2025-05-21T06:30:24.672709
292,chicken tikka,24687,97,Non-Coffee,, served on a skewer,2025-05-21T06:30:24.672709
293,chicken tikka masala,22888,59,Non-Coffee,,chicken roasted in a yogurt tomato sauce. creamy texture.,2025-05-21T06:30:24.672709
294,mushroom matar,26351,11,Non-Coffee,,mushroom and peas in a masala/chili sauce,2025-05-21T06:30:24.672709
295,tandoori chicken,15255,29,Non-Coffee,,as a dish originated in the punjab before the independence of india and pakistan.,2025-05-21T06:30:24.672709
296,tandoori fish tikka,17526,25,Non-Coffee,,chickenn lime and ginger and cooked over an open fire.,2025-05-21T06:30:24.672709
297,chettinadu chicken,25035,78,Non-Coffee,,chicken and spices,2025-05-21T06:30:24.672709
298,chicken 65,23571,34,Non-Coffee,,"ed chicken preparation. chicken, onion, ginger",2025-05-21T06:30:24.672709
299,kolim / jawla,15011,21,Non-Coffee,,dried fish named kolim or jawla found in coastal maharashtra with onion and spices. usually eaten with bhakri or chapati,2025-05-21T06:30:24.672709
300,black rice,18837,26,Foods,,riety of rice,2025-05-21T06:30:24.672709
301,brown rice,26152,18,Foods,,riety of rice.,2025-05-21T06:30:24.672709
302,koldil chicken,19786,17,Non-Coffee,,made with banana flower; an assamese specialty,2025-05-21T06:30:24.672709
303,red rice,15818,52,Foods,,riety of rice.,2025-05-21T06:30:24.672709
304,rice,24501,50,Non-Coffee,,boiled rice,2025-05-21T06:30:24.672709
305,sunga pork,20953,79,Non-Coffee,,curry,2025-05-21T06:30:24.672709
306,banana chips,25059,88,Foods,,"dried slices of bananas (fruits of herbaceous plants of the genus musa of the soft, sweet ""dessert banana"" variety), they can be covered with sugar or honey and have a sweet taste, or they can be fried in oil and spices and have a salty and/or spicy taste.[2]",2025-05-21T06:30:24.672709
307,bhurji- egg,18401,62,Non-Coffee,,"made using indian spices, onion, tomatoes, green chilli, and had with bread, or parathas.",2025-05-21T06:30:24.672709
308,flattened rice / poha,19815,96,Non-Coffee,,"dehusked rice which is flattened into flat light dry flakes, these flakes of rice swell when added to liquid, whether hot or cold, as they absorb water, milk, or any other liquids. the thicknesses of these flakes vary between almost translucently thin (the more expensive varieties) to nearly four times thicker than a normal rice grain.",2025-05-21T06:30:24.672709
309,puffed rice,15600,32,Foods,,"grain made from rice; usually made by heating rice kernels under high pressure in the presence of steam, though the method of manufacture varies widely. pori (puffed rice) has been mentioned in various tamil literatures as an offering to hindu deities. offerings of pori and jaggery made to vinayagar (lord ganesh) are mentioned in the tiruppugazh, a 15th-century anthology of tamil religious songs, written by tamil poet arunagirinathar. pori is offered to hindu gods and goddesses in all poojas in the south indian states of kerala and tamil nadu.",2025-05-21T06:30:24.672709
310,Miso-Butter Roast Chicken With Acorn Squash Panzanella,23742,24,Non-Coffee,,"chicken, acorn squash,sage, rosemary, butter",2025-05-21T06:30:24.672709
311,Honeydew Salad with Ginger Dressing and Peanuts,20253,19,Foods,,"peeled ginger, lightbrown sugar,chilli, honeydew melon,cucumber, avacado",2025-05-21T06:30:24.672709
312,Kimchi and Miso Noodle Soup,25466,78,Non-Coffee,,"scallions, cloves of garlic,cabbage kimchi, tofu ",2025-05-21T06:30:24.672709
313,Spicy Korean Steak,16790,84,Non-Coffee,," boneless steak, olive oil, black pepper, oyster sauce,  ginger, chilli flakes, cooking wine, kimchi,cilantro",2025-05-21T06:30:24.672709
314,French Spiced Bread,25611,76,Non-Coffee,,"all purpose flour, butter, dried appricots, honey, milk dried plumps, sugar,salt",2025-05-21T06:30:24.672709
315,Quinoa Bowl and Berries,16226,99,Foods,,"quinoa, black berries,strawberries, blueberries,,chia seeds, almonds",2025-05-21T06:30:24.672709
316,Shawarma-Spiced Braised Leg of Lamb,18780,78,Non-Coffee,,"cumin seed, garlic, chilli powder, lamb leg, corriender, onion, turmeric powder, lemon, tomato",2025-05-21T06:30:24.672709
317,Roast Pork Tenderloin with Carrot Romesco,24382,54,Non-Coffee,,"carrots, Olive Oil, Salt ,  pork tenderloin, Garlic, red pepper flake, red wine vineger, ",2025-05-21T06:30:24.672709
318,"Ricotta Gnocchi with Asparagus, Peas, and Morels",19119,27,Non-Coffee,," ricotta,Asparagus,  morel mushrooms, Olive Oil,  Parmesan, fresh peas, butter, black pepper,  shallot, ",2025-05-21T06:30:24.672709
319,Crispy Pakora,15726,78,Non-Coffee,,"Cabbage, carrot, onion, gram flour",2025-05-21T06:30:24.672709
320,Lamb Tikka,18529,17,Non-Coffee,,"Boneless Lamb, Turmeric powder, corriender powder, cumin powder, yogurt, garlic, giner",2025-05-21T06:30:24.672709
321,Grilled Sweet Prawn,24830,34,Non-Coffee,,"Prawn, teriyaki sauce, salmon, avacado, cucumber",2025-05-21T06:30:24.672709
322,Pho Tai rare beef,17287,38,Non-Coffee,,"Bean Sprouts, lemon, Thai basils, Rice noodles, beef",2025-05-21T06:30:24.672709
323,Summer Rolls,15505,52,Non-Coffee,,"Mint, Lettuce, Noodles, Prawn, Rice Paper,Peanut Sauce",2025-05-21T06:30:24.672709
324,Spice Chicken Baugette,21920,100,Non-Coffee,,"Spice Chicken, cucumber, coriander, pickled carrort, mayo",2025-05-21T06:30:24.672709
325,Bean Curd Rolls,24917,32,Non-Coffee,,"bean curd,mix herbs, lettuce, cucuber, rice paper",2025-05-21T06:30:24.672709
326,Pho Chay Soup,26029,70,Non-Coffee,,"Rice noodle,vegatable soup, bean curd, mushroom",2025-05-21T06:30:24.672709
327,Pho Ga Chicken,21090,59,Non-Coffee,,"Rice noodle, chicken, lemon, bean sprouts, Thai basils, chicken",2025-05-21T06:30:24.672709
328,Chicken Sweet Corn Soup,19944,78,Non-Coffee,,"Chicken,Chicken brouth, Sweet corn, garlic, ginger",2025-05-21T06:30:24.672709
329,Thai Spareribs,25726,65,Non-Coffee,," lemongrass, ginger, meaty sparerib, Sesame-Cilantro Rice,peanut sauce,sesame oil,garlic, soy sauce ",2025-05-21T06:30:24.672709
330,Frenched Green Beans,24300,95,Non-Coffee,," green beans, Olive Oil, black paper, vineger,",2025-05-21T06:30:24.672709
331,Lemony Crab Salad with Baby Greens,26547,65,Foods,,"Lemon juice, olive oil, crab, lecttus, paper,salt, vineger",2025-05-21T06:30:24.672709
332,Mushroom Manchruian,16980,17,Non-Coffee,,"Mushroom, Panner, Soy sauce, ketchup, Viniger,onion, corriender, Indian Spices",2025-05-21T06:30:24.672709
333,Biryani,22087,37,Non-Coffee,,"Chicken, Rice, Cinamon, Clove, ginger, garlic, yougurt, turmeric powder, cumin powder, corriender powder",2025-05-21T06:30:24.672709
334,Tandoori Chicken,16705,58,Non-Coffee,,"Cicken, yougurt, tandori spices, ginger, coriander, turmeric, lime",2025-05-21T06:30:24.672709
335,Shrimp Olivier,26120,31,Non-Coffee,,"Shrimp, egg, Potatoes, carrot, onion, pasley, mayo",2025-05-21T06:30:24.672709
336,Potato Casserole,21865,76,Non-Coffee,,"potatoes, butter, salt, pepper",2025-05-21T06:30:24.672709
337,Thyme-Roasted Sweet Potatoes,22952,28,Foods,,"sweet potatoes, thyme leaves, olive oil, red papper flakes,",2025-05-21T06:30:24.672709
338,Noodle Curry,20658,42,Non-Coffee,,"Vegetable stock curry, coconut, lime leaves, raddish, carrot",2025-05-21T06:30:24.672709
339,Grill Lemon grass Pork baguette,20742,48,Non-Coffee,,"Lemon grass, pork, coriender,cucumber, pickeled carrot, chilli",2025-05-21T06:30:24.672709
340,Sukuti Chatpate,18248,72,Non-Coffee,,"crunchy noodles, onion, cucumber,tomatoes, lemon juice, puffed rice, dried meat",2025-05-21T06:30:24.672709
341,Cheese Naan,16156,29,Non-Coffee,,"Aall purpose flour, yougurt, cheese",2025-05-21T06:30:24.672709
342,Mushroom Rice,15478,99,Non-Coffee,,"Mushroom, Rice, Cumin Seeds",2025-05-21T06:30:24.672709
343,Bringle Alo,19611,34,Non-Coffee,,"aubergine,potato, garlic, ginger, cumin seeds, spices",2025-05-21T06:30:24.672709
344,Mutar Paneer,19004,13,Non-Coffee,,"Green pea, cottage cheese, garlic, indian spices",2025-05-21T06:30:24.672709
345,Cucumber and Radish Salad,20478,85,Foods,,"cucumber,raddish,vinegar, coriander,olive, salt papper",2025-05-21T06:30:24.672709
346,Channa Masala,15281,72,Non-Coffee,,"chickpeas, turmeric powder, onion, ginger, garlic, curry powder",2025-05-21T06:30:24.672709
347,Saag Alo ,17577,80,Non-Coffee,,"Spinach, onion, potato, cumin seed, turmeric powder, nepali spices",2025-05-21T06:30:24.672709
348,Alo Tama Bodi,15719,95,Non-Coffee,,"bamboo shoot, black eye bean, potato",2025-05-21T06:30:24.672709
349,Tarka Daal,19659,62,Non-Coffee,,"yello lentils,garlic, cumin seed, butter",2025-05-21T06:30:24.672709
350,Jeera Alu,23182,75,Non-Coffee,,"boiled potatoes, cumin seeds, lemon juice",2025-05-21T06:30:24.672709
351,Nepali Chicken Curry,25606,74,Non-Coffee,,"boneless chicken, onion, tomato, coriender powder,cumin powder,butter,turmeric, chilli powder, garlic,ginger",2025-05-21T06:30:24.672709
352,Lamb Shashlik,20737,41,Non-Coffee,,"minced lamb marinated with indian spices, garlic, ginger, coriander, yogurt, turmeric, cloves",2025-05-21T06:30:24.672709
353,Hyakula,25663,93,Non-Coffee,,"lamb ribs, cumin powder,turmeric powder,nepali spices, mustard oil ",2025-05-21T06:30:24.672709
354,Alo Achar,26375,53,Non-Coffee,,"boiled potatoes, peas, cucumber, mustard oil, turmeric powder, cumin powder, carrot, salt",2025-05-21T06:30:24.672709
355,Chicken Momo,19336,15,Non-Coffee,,"minced chicken meat, coriender, cumin powder,garlic,ginger,onion,flour wrapping",2025-05-21T06:30:24.672709
356,Black-Bean Burgers,16993,66,Non-Coffee,,"cumin, black bean, cilantro, lettuce,sour cream, oregano, buns",2025-05-21T06:30:24.672709
357,Parmesan Toasts,22056,24,Non-Coffee,,"Bread, garlic, olive oil, Parmesan cheese, salt",2025-05-21T06:30:24.672709
358,Rice with Soy-Glazed Bonito Flakes and Sesame Seeds,18996,37,Non-Coffee,,"sake, sesame seeds, soy sauce, rice, japanese sauces",2025-05-21T06:30:24.672709
359,Shirazi Salad,25847,58,Foods,,"Spring onion, cheese, lemon juice, cucumber, onion, carrot, parsley, cilantro",2025-05-21T06:30:24.672709
360,Sesame Noodles with Chili Oil and Scallions,21198,48,Non-Coffee,,"Noodles, Salt,garlic,chilli oil, sesame oil, chilli flakes, scallions, sichuan pepper, vinegar, soy sauce",2025-05-21T06:30:24.672709
361,Thai Green Curry ,26717,41,Non-Coffee,,"cumin seeds, coriander seeds, chillies, garlic, ginger onion, thai sauces,lemon grass, penut ",2025-05-21T06:30:24.672709
362,Ground Pork Menudo,17505,51,Non-Coffee,,"onion, garlic, olive oil, minced pork, fish sauce,  green peas, black peper",2025-05-21T06:30:24.672709
363,Bao Bun ,18889,70,Non-Coffee,,"sesame seed, all purpose flour, spring onion, teriyaki sauce",2025-05-21T06:30:24.672709
364,Garlic Naan,18281,80,Non-Coffee,,"garlic, all purpose flour, yougurt, cumin seed",2025-05-21T06:30:24.672709
365,Egg Curry with Tomatoes and Cilantro,25535,48,Non-Coffee,,"boiled egg, cilantro, garlic,cucumber,tumeric powder,tomatoes,",2025-05-21T06:30:24.672709
366,Kimchi Bokumbab,17150,32,Non-Coffee,,"Cabbage Kimchi, Stir fried eggs, rice, seaweed, sesame seeds, spring onion",2025-05-21T06:30:24.672709
367,Korean fried Chicken,25270,58,Non-Coffee,," korean sauce, boneless chicken,sesame seeds",2025-05-21T06:30:24.672709
368,Prawn kastu Curry,21871,78,Non-Coffee,,"prawn, rice, japanes curry sauce, bread crumbs, rice",2025-05-21T06:30:24.672709
369,Beef Bibimbab,16526,99,Non-Coffee,,"Beef,Cucumber,carrot, mushrooms,Spinich,Rice, Gochujang, Soy sauce",2025-05-21T06:30:24.672709
370,Sweet and Sour Chicken Fried Rice,15771,13,Non-Coffee,," Rice, carrot, peas, chicken, soy sauce, sugar, garlic, capcicum",2025-05-21T06:30:24.672709
371,Sea Food Soup,26999,74,Non-Coffee,,"Prawn,Squid, fish ball, fish cake, mussels, crab sticks",2025-05-21T06:30:24.672709
372,Pad Thai,18374,57,Non-Coffee,,"noodles, vegetable oil, garlic, eggs, lime juice , brown sugar, fish sauce, ginger,red pepper flakes, onion, cilantro, penuts",2025-05-21T06:30:24.672709
373,Spicy Kimchi Tofu Stew,26783,62,Non-Coffee,,"tofu, kimchi, gochujang,black pepper,  sesame seeds, soy sauce, scallions",2025-05-21T06:30:24.672709
374,Slow-Roasted Pork ,26806,18,Non-Coffee,,"fresh sage,garlic cloves, bone-in pork shoulder,ground pepper,Dijon mustard",2025-05-21T06:30:24.672709
375,Pico de Gallo Verde,25467,81,Non-Coffee,,"avacado, tomato, cucumber,celery, garlic, mint, lemon juice, chillies, onion, cilantro",2025-05-21T06:30:24.672709
376,Pineapple-Coconut Rice,25370,47,Non-Coffee,,"brown rice, coconut milk, onion, carrot, cashew, pineapple, vegetable oil, ginger, curry powder",2025-05-21T06:30:24.672709
377,Lamb and Green Squash Dumplings,17776,39,Non-Coffee,,"Squash, zucchini, scallions, soya sauce, ginger, cooking wine, vineger, all purpose flour, sichuan peppercorns,ground lamb,",2025-05-21T06:30:24.672709
378,Crispy Tofu Balls,18131,53,Non-Coffee,," tofu, scallions, mushrooms,Spicy aioli,corn, white pepper, vegetable oil",2025-05-21T06:30:24.672709
379,Grilled Chicken with Almond and Garlic Sauce,25477,49,Foods,,"lemon juice, olive oil, mushrooms lemon zest, chicken breast, roasted almonds, garlic",2025-05-21T06:30:24.672709
380,Parmesan Cauliflower and Parsley Salad,19599,64,Non-Coffee,,",olives, parmesan cheese, pasley,pepper,oil",2025-05-21T06:30:24.672709
381,Vietnamese Chicken Salad,16742,67,Non-Coffee,,"roasted peanuts,basil leaves, mint leaves, chicken, cucumber,carrot",2025-05-21T06:30:24.672709
382,Eggplant and Beef Stir-Fry,17010,50,Non-Coffee,,"soya sauce,mint,thai chillies,vermicelli noodles,beef, asaian eggplat",2025-05-21T06:30:24.672709
383,Stir-Fried Lettuces With Crispy Shallots,20006,21,Non-Coffee,,"sliced shallots,pepper,salt,garlic, ginger, lettuce,brown rice",2025-05-21T06:30:24.672709
384,Chicken and Dumplings,24802,80,Non-Coffee,,"purpose flour,egg,nutmeg, chicken broth, carrot,salt,chives, pepper, chicken thighs",2025-05-21T06:30:24.672709
385,Asian Salmon Bowl with Lime Drizzle,15454,100,Non-Coffee,," jasmine rice, garlic, butter, soy sauce, salmon fillet,spinach,black sesame seeds",2025-05-21T06:30:24.672709
386,Pasta with Garlic-Scape Pesto,26241,72,Non-Coffee,,"pistachios, Parmigiano-Reggiano cheese,salt and black pepper, spaghetti,olive oil",2025-05-21T06:30:24.672709
387,Pico de Gallo,24059,17,Non-Coffee,,"onion,tomatoes, oil,  cilantro, jalapeao",2025-05-21T06:30:24.672709
388,Basmati Rice with Summer Vegetable Salad,25827,100,Non-Coffee,,"basmati rice,shallot,radishes,greens, sprouts, tomatoes, peas, summer squash,carrot, oil,salt",2025-05-21T06:30:24.672709
389,Fresh Corn Tortillas,19749,19,Non-Coffee,,"corn tortilla mix,corn,salt",2025-05-21T06:30:24.672709
390,Quinoa Tabbouleh,20934,55,Foods,," quinoa, olive oil, tomato,  cucumber, parsley, mint, scallions, thinly sliced",2025-05-21T06:30:24.672709
391,Grilled Clams With Herb Butter,17932,57,Non-Coffee,," parsley, pepper, salt, scallion, lemon juice, littleneck clams",2025-05-21T06:30:24.672709
392,Rajas Poblanas,21845,77,Non-Coffee,,"poblano pepper, cream, salt, cream cheese",2025-05-21T06:30:24.672709
393,Braised Beef Short Ribs,26599,98,Non-Coffee,,"Beef, Scallion, Raddish, Spanich ",2025-05-21T06:30:24.672709
394,Fig and Sesame Tart with Cardamom Orange Cream,22357,45,Foods,," all-purpose flour,sugar,salt,unsalted butter, egg yolk,heavy cream, cinnamon,orange zest, fig,sesame seeds, mild honey",2025-05-21T06:30:24.672709
395,Rouille,19307,16,Non-Coffee,," bread crumbs,cayenne, extra-virgin olive oil,coarse sea salt, garlic",2025-05-21T06:30:24.672709
396,Kimchi Toast,22754,57,Non-Coffee,," cream cheese, chopped kimchi, scallions,country-style bread, sesame seeds,  cilantro leaves",2025-05-21T06:30:24.672709
397,"Tacos de Gobernador (Shrimp, Poblano, and Cheese Tacos)",22843,58,Non-Coffee,,"poblano chiles, bacon, shrips, red salsa, garlic, corn tortillas, lime juice",2025-05-21T06:30:24.672709
398,Melted Broccoli Pasta With Capers and Anchovies,22496,15,Non-Coffee,,"broccoli,Bread Crumbs,  anchovy fillets, garlic cloves,  red pepper flakes, penne pasta, olive oil",2025-05-21T06:30:24.672709
399,Lemon-Ginger Cake with Pistachios,26832,39,Foods,,"egg yolks,lemon juice, unsalted butter, all purpose flour, sugar, ginger, milk",2025-05-21T06:30:24.672709
400,Rosemary Roasted Vegetables,18735,100,Foods,,"kosher salt, rosemary, garlic, potato, olive oil, carrot, walnut, cheese, ground pepper",2025-05-21T06:30:24.672709
